海缆类别,系统,段落,段落标准,段落详情,段落描述,主干/分支,主干段落,主干段落详情,主干段落描述,方向序号,站点段,站点A,站点B,站点对_无向
参建海缆,AAE-1,S1-S.1,S1-S.1,Penang-BU Thailand,马来西亚槟榔-BU Thailand,主干,S1-S,Singapore-Zafarana,新加坡-埃及扎法拉纳,1,埃及扎法拉纳-马来西亚槟榔,埃及扎法拉纳,马来西亚槟榔,埃及扎法拉纳-马来西亚槟榔
参建海缆,AAE-1,S1-S.1,S1-S.1,Penang-BU Thailand,马来西亚槟榔-BU Thailand,主干,S1-S,Singapore-Zafarana,新加坡-埃及扎法拉纳,2,吉布提-马来西亚槟榔,吉布提,马来西亚槟榔,吉布提-马来西亚槟榔
参建海缆,AAE-1,S1-S.1,S1-S.1,Penang-BU Thailand,马来西亚槟榔-BU Thailand,主干,S1-S,Singapore-Zafarana,新加坡-埃及扎法拉纳,3,沙特吉达-马来西亚槟榔,沙特吉达,马来西亚槟榔,沙特吉达-马来西亚槟榔
参建海缆,AAE-1,S1-S.1,S1-S.1,Penang-BU Thailand,马来西亚槟榔-BU Thailand,主干,S1-S,Singapore-Zafarana,新加坡-埃及扎法拉纳,4,卡塔尔多哈-马来西亚槟榔,卡塔尔多哈,马来西亚槟榔,卡塔尔多哈-马来西亚槟榔
参建海缆,AAE-1,S1-S.1,S1-S.1,Penang-BU Thailand,马来西亚槟榔-BU Thailand,主干,S1-S,Singapore-Zafarana,新加坡-埃及扎法拉纳,5,阿曼阿尔布斯坦-马来西亚槟榔,阿曼阿尔布斯坦,马来西亚槟榔,阿曼阿尔布斯坦-马来西亚槟榔
参建海缆,AAE-1,S1-S.1,S1-S.1,Penang-BU Thailand,马来西亚槟榔-BU Thailand,主干,S1-S,Singapore-Zafarana,新加坡-埃及扎法拉纳,6,阿联酋富吉拉-马来西亚槟榔,阿联酋富吉拉,马来西亚槟榔,阿联酋富吉拉-马来西亚槟榔
参建海缆,AAE-1,S1-S.1,S1-S.1,Penang-BU Thailand,马来西亚槟榔-BU Thailand,主干,S1-S,Singapore-Zafarana,新加坡-埃及扎法拉纳,7,巴基斯坦卡拉奇-马来西亚槟榔,巴基斯坦卡拉奇,马来西亚槟榔,巴基斯坦卡拉奇-马来西亚槟榔
参建海缆,AAE-1,S1-S.1,S1-S.1,Penang-BU Thailand,马来西亚槟榔-BU Thailand,主干,S1-S,Singapore-Zafarana,新加坡-埃及扎法拉纳,8,缅甸威双-马来西亚槟榔,缅甸威双,马来西亚槟榔,缅甸威双-马来西亚槟榔
参建海缆,AAE-1,S1-S.1,S1-S.1,Penang-BU Thailand,马来西亚槟榔-BU Thailand,主干,S1-S,Singapore-Zafarana,新加坡-埃及扎法拉纳,9,也门亚丁-马来西亚槟榔,也门亚丁,马来西亚槟榔,也门亚丁-马来西亚槟榔
参建海缆,AAE-1,S1-S.1,S1-S.1,Penang-BU Thailand,马来西亚槟榔-BU Thailand,主干,S1-S,Singapore-Zafarana,新加坡-埃及扎法拉纳,10,印度孟买-马来西亚槟榔,印度孟买,马来西亚槟榔,印度孟买-马来西亚槟榔
参建海缆,AAE-1,S1-S.1,S1-S.1,Penang-BU Thailand,马来西亚槟榔-BU Thailand,主干,S1-S,Singapore-Zafarana,新加坡-埃及扎法拉纳,11,泰国沙墩-马来西亚槟榔,泰国沙墩,马来西亚槟榔,泰国沙墩-马来西亚槟榔
参建海缆,AAE-1,S1-S.2,S1-S.2,Satun-BU Thailand,泰国沙墩-BU Thailand,主干,S1-S,Satun-Zafarana,泰国沙墩-埃及扎法拉纳,1,沙特吉达-泰国沙墩,沙特吉达,泰国沙墩,沙特吉达-泰国沙墩
参建海缆,AAE-1,S1-S.2,S1-S.2,Satun-BU Thailand,泰国沙墩-BU Thailand,主干,S1-S,Satun-Zafarana,泰国沙墩-埃及扎法拉纳,2,埃及扎法拉纳-泰国沙墩,埃及扎法拉纳,泰国沙墩,埃及扎法拉纳-泰国沙墩
参建海缆,AAE-1,S1-S.2,S1-S.2,Satun-BU Thailand,泰国沙墩-BU Thailand,主干,S1-S,Satun-Zafarana,泰国沙墩-埃及扎法拉纳,3,印度孟买-泰国沙墩,印度孟买,泰国沙墩,印度孟买-泰国沙墩
参建海缆,AAE-1,S1-S.2,S1-S.2,Satun-BU Thailand,泰国沙墩-BU Thailand,主干,S1-S,Satun-Zafarana,泰国沙墩-埃及扎法拉纳,4,吉布提-泰国沙墩,吉布提,泰国沙墩,吉布提-泰国沙墩
参建海缆,AAE-1,S1-S.2,S1-S.2,Satun-BU Thailand,泰国沙墩-BU Thailand,主干,S1-S,Satun-Zafarana,泰国沙墩-埃及扎法拉纳,5,缅甸威双-泰国沙墩,缅甸威双,泰国沙墩,泰国沙墩-缅甸威双
参建海缆,AAE-1,S1-S.2,S1-S.2,Satun-BU Thailand,泰国沙墩-BU Thailand,主干,S1-S,Satun-Zafarana,泰国沙墩-埃及扎法拉纳,6,卡塔尔多哈-泰国沙墩,卡塔尔多哈,泰国沙墩,卡塔尔多哈-泰国沙墩
参建海缆,AAE-1,S1-S.2,S1-S.2,Satun-BU Thailand,泰国沙墩-BU Thailand,主干,S1-S,Satun-Zafarana,泰国沙墩-埃及扎法拉纳,7,阿曼阿尔布斯坦-泰国沙墩,阿曼阿尔布斯坦,泰国沙墩,泰国沙墩-阿曼阿尔布斯坦
参建海缆,AAE-1,S1-S.2,S1-S.2,Satun-BU Thailand,泰国沙墩-BU Thailand,主干,S1-S,Satun-Zafarana,泰国沙墩-埃及扎法拉纳,8,阿联酋富吉拉-泰国沙墩,阿联酋富吉拉,泰国沙墩,泰国沙墩-阿联酋富吉拉
参建海缆,AAE-1,S1-S.2,S1-S.2,Satun-BU Thailand,泰国沙墩-BU Thailand,主干,S1-S,Satun-Zafarana,泰国沙墩-埃及扎法拉纳,9,巴基斯坦卡拉奇-泰国沙墩,巴基斯坦卡拉奇,泰国沙墩,巴基斯坦卡拉奇-泰国沙墩
参建海缆,AAE-1,S1-S.2,S1-S.2,Satun-BU Thailand,泰国沙墩-BU Thailand,主干,S1-S,Satun-Zafarana,泰国沙墩-埃及扎法拉纳,10,泰国沙墩-马来西亚槟榔,泰国沙墩,马来西亚槟榔,泰国沙墩-马来西亚槟榔
参建海缆,AAE-1,S1H.1,S1H.1,Cape D' Augilar-BU VTU,香港鹤咀-BU VTU,主干,S1H,Cape D' Augilar-Songkhla,香港鹤咀-泰国宋卡,1,香港鹤咀-柬埔寨西哈努克,香港鹤咀,柬埔寨西哈努克,柬埔寨西哈努克-香港鹤咀
参建海缆,AAE-1,S1H.1,S1H.1,Cape D' Augilar-BU VTU,香港鹤咀-BU VTU,主干,S1H,Cape D' Augilar-Songkhla,香港鹤咀-泰国宋卡,2,香港鹤咀-越南头顿,香港鹤咀,越南头顿,越南头顿-香港鹤咀
参建海缆,AAE-1,S1H.2,S1H.2,Vung Tau-BU VTU,越南头顿-BU VTU,分支,,,,1,越南头顿-泰国宋卡,越南头顿,泰国宋卡,泰国宋卡-越南头顿
参建海缆,AAE-1,S1H.2,S1H.2,Vung Tau-BU VTU,越南头顿-BU VTU,分支,,,,2,香港鹤咀-越南头顿,香港鹤咀,越南头顿,越南头顿-香港鹤咀
参建海缆,AAE-1,S1H.3,S1H.3,BU VTU-BU SNU,BU VTU-BU SNU,主干,S1H,Cape D' Augilar-Songkhla,香港鹤咀-泰国宋卡,1,香港鹤咀-柬埔寨西哈努克,香港鹤咀,柬埔寨西哈努克,柬埔寨西哈努克-香港鹤咀
参建海缆,AAE-1,S1H.3,S1H.3,BU VTU-BU SNU,BU VTU-BU SNU,主干,S1H,Cape D' Augilar-Songkhla,香港鹤咀-泰国宋卡,2,柬埔寨西哈努克-越南头顿,柬埔寨西哈努克,越南头顿,柬埔寨西哈努克-越南头顿
参建海缆,AAE-1,S1H.3,S1H.3,BU VTU-BU SNU,BU VTU-BU SNU,主干,S1H,Cape D' Augilar-Songkhla,香港鹤咀-泰国宋卡,3,越南头顿-泰国宋卡,越南头顿,泰国宋卡,泰国宋卡-越南头顿
参建海缆,AAE-1,S1H.4,S1H.4,Sihanoukville-BU SNU,柬埔寨西哈努克-BU SNU,分支,,,,1,香港鹤咀-柬埔寨西哈努克,香港鹤咀,柬埔寨西哈努克,柬埔寨西哈努克-香港鹤咀
参建海缆,AAE-1,S1H.4,S1H.4,Sihanoukville-BU SNU,柬埔寨西哈努克-BU SNU,分支,,,,2,泰国宋卡-柬埔寨西哈努克,泰国宋卡,柬埔寨西哈努克,柬埔寨西哈努克-泰国宋卡
参建海缆,AAE-1,S1H.4,S1H.4,Sihanoukville-BU SNU,柬埔寨西哈努克-BU SNU,分支,,,,3,柬埔寨西哈努克-越南头顿,柬埔寨西哈努克,越南头顿,柬埔寨西哈努克-越南头顿
参建海缆,AAE-1,S1H..5,S1H.5,Songkhla-BU SNU,泰国宋卡-BU SNU,主干,S1H,Cape D' Augilar-Songkhla,香港鹤咀-泰国宋卡,1,泰国宋卡-柬埔寨西哈努克,泰国宋卡,柬埔寨西哈努克,柬埔寨西哈努克-泰国宋卡
参建海缆,AAE-1,S1H..5,S1H.5,Songkhla-BU SNU,泰国宋卡-BU SNU,主干,S1H,Cape D' Augilar-Songkhla,香港鹤咀-泰国宋卡,2,泰国宋卡-越南头顿,泰国宋卡,越南头顿,泰国宋卡-越南头顿
参建海缆,APCN2,S1,S1,Katong-Kuantan,新加坡加东-马来西亚关丹,主干,S1,Katong-Kuantan,新加坡加东-马来西亚关丹,1,新加坡加东-马来西亚关丹,新加坡加东,马来西亚关丹,新加坡加东-马来西亚关丹
参建海缆,APCN2,S2,S2,Kuantan-Lantau Island,马来西亚关丹-中国香港,主干,S2,Kuantan-Lantau Island,马来西亚关丹-中国香港,1,马来西亚关丹-中国香港,马来西亚关丹,中国香港,中国香港-马来西亚关丹
参建海缆,APCN2,S3,S3,Lantau Island-Chongming,中国香港-中国上海崇明,主干,S3,Lantau Island-Chongming,中国香港-中国上海崇明,1,中国香港-中国上海崇明,中国香港,中国上海崇明,中国上海崇明-中国香港
参建海缆,APCN2,S4a,S4a,Chongming-BU1,中国上海崇明-BU1,主干,S4a,Chongming-BU1,中国上海崇明-BU1,1,中国上海崇明-日本北茨城,中国上海崇明,日本北茨城,中国上海崇明-日本北茨城
参建海缆,APCN2,S4a,S4a,Chongming-BU1,中国上海崇明-BU1,主干,S4a,Chongming-BU1,中国上海崇明-BU1,2,中国上海崇明-韩国釜山,中国上海崇明,韩国釜山,中国上海崇明-韩国釜山
参建海缆,APCN2,S4b,S4b,BU1-BU2,BU1-BU2,主干,S4b,BU1-BU2,BU1-BU2,1,中国上海崇明-日本北茨城,中国上海崇明,日本北茨城,中国上海崇明-日本北茨城
参建海缆,APCN2,S4c,S4c,Kitaibaraki-BU2,日本北茨城-BU2,主干,S4c,Kitaibaraki-BU2,日本北茨城-BU2,1,中国上海崇明-日本北茨城,中国上海崇明,日本北茨城,中国上海崇明-日本北茨城
参建海缆,APCN2,S4c,S4c,Kitaibaraki-BU2,日本北茨城-BU2,主干,S4c,Kitaibaraki-BU2,日本北茨城-BU2,2,韩国釜山-日本北茨城,韩国釜山,日本北茨城,日本北茨城-韩国釜山
参建海缆,APCN2,S4e,S4e,Busan-Kitaibaraki,韩国釜山-日本北茨城,主干,S4e,Busan-Kitaibaraki,韩国釜山-日本北茨城,1,韩国釜山-日本北茨城,韩国釜山,日本北茨城,日本北茨城-韩国釜山
参建海缆,APCN2,S4w,S4w,Chongming-Busan,中国上海崇明-韩国釜山,主干,S4w,Chongming-Busan,中国上海崇明-韩国釜山,1,中国上海崇明-韩国釜山,中国上海崇明,韩国釜山,中国上海崇明-韩国釜山
参建海缆,APCN2,S5,S5,Kitaibaraki-Chukura,日本北茨城-日本千仓,主干,S5,Kitaibaraki-Chukura,日本北茨城-日本千仓,1,日本北茨城-日本千仓,日本北茨城,日本千仓,日本北茨城-日本千仓
参建海缆,APCN2,S6,S6,Chukura-Tanshui,日本千仓-中国台湾淡水,主干,S6,Chukura-Tanshui,日本千仓-中国台湾淡水,1,日本千仓-中国台湾淡水,日本千仓,中国台湾淡水,中国台湾淡水-日本千仓
参建海缆,APCN2,S7,S7,Tanshui-Shantou,中国台湾淡水-中国汕头,主干,S7,Tanshui-Shantou,中国台湾淡水-中国汕头,1,中国台湾淡水-中国汕头,中国台湾淡水,中国汕头,中国台湾淡水-中国汕头
参建海缆,APCN2,S8a,S8a,Katong-BU3,新加坡加东-BU3,主干,S8a,Katong-BU3,新加坡加东-BU3,1,中国汕头-新加坡加东,中国汕头,新加坡加东,中国汕头-新加坡加东
参建海缆,APCN2,S8a,S8a,Katong-BU3,新加坡加东-BU3,主干,S8a,Katong-BU3,新加坡加东-BU3,2,菲律宾八打雁-新加坡加东,菲律宾八打雁,新加坡加东,新加坡加东-菲律宾八打雁
参建海缆,APCN2,S8b,S8b,BU3-BU4,BU3-BU4,主干,S8b,BU3-BU4,BU3-BU4,1,中国汕头-新加坡加东,中国汕头,新加坡加东,中国汕头-新加坡加东
参建海缆,APCN2,S8c,S8c,Shantou-BU4,中国汕头-BU4,主干,S8c,Shantou-BU4,中国汕头-BU4,1,中国汕头-新加坡加东,中国汕头,新加坡加东,中国汕头-新加坡加东
参建海缆,APCN2,S8c,S8c,Shantou-BU4,中国汕头-BU4,主干,S8c,Shantou-BU4,中国汕头-BU4,2,菲律宾八打雁-中国汕头,菲律宾八打雁,中国汕头,中国汕头-菲律宾八打雁
参建海缆,APCN2,S8e,S8e,Batangas-BU4,菲律宾八打雁-BU4,主干,S8e,Batangas-BU4,菲律宾八打雁-BU4,1,菲律宾八打雁-中国汕头,菲律宾八打雁,中国汕头,中国汕头-菲律宾八打雁
参建海缆,APCN2,S8w,S8w,Batangas-BU3,菲律宾八打雁-BU3,主干,S8w,Batangas-BU3,菲律宾八打雁-BU3,1,菲律宾八打雁-新加坡加东,菲律宾八打雁,新加坡加东,新加坡加东-菲律宾八打雁
参建海缆,APG,S1.1,S1.1,Busan-BU1,韩国釜山-BU1,主干,S1.1,Busan-BU1,韩国釜山-BU1,1,中国上海南汇-韩国釜山,中国上海南汇,韩国釜山,中国上海南汇-韩国釜山
参建海缆,APG,S1.1,S1.1,Busan-BU1,韩国釜山-BU1,主干,S1.1,Busan-BU1,韩国釜山-BU1,2,中国上海崇明-韩国釜山,中国上海崇明,韩国釜山,中国上海崇明-韩国釜山
参建海缆,APG,S1.1,S1.1,Busan-BU1,韩国釜山-BU1,主干,S1.1,Busan-BU1,韩国釜山-BU1,3,中国香港将军澳-韩国釜山,中国香港将军澳,韩国釜山,中国香港将军澳-韩国釜山
参建海缆,APG,S1.1,S1.1,Busan-BU1,韩国釜山-BU1,主干,S1.1,Busan-BU1,韩国釜山-BU1,4,新加坡东岸-韩国釜山,新加坡东岸,韩国釜山,新加坡东岸-韩国釜山
参建海缆,APG,S1.1,S1.1,Busan-BU1,韩国釜山-BU1,主干,S1.1,Busan-BU1,韩国釜山-BU1,5,韩国釜山-日本志摩,韩国釜山,日本志摩,日本志摩-韩国釜山
参建海缆,APG,S1.2,S1.2,BU1-BU2,BU1-BU2,主干,S1.2,BU1-BU2,BU1-BU2,1,中国上海南汇-韩国釜山,中国上海南汇,韩国釜山,中国上海南汇-韩国釜山
参建海缆,APG,S1.2,S1.2,BU1-BU2,BU1-BU2,主干,S1.2,BU1-BU2,BU1-BU2,2,中国上海南汇-日本志摩,中国上海南汇,日本志摩,中国上海南汇-日本志摩
参建海缆,APG,S1.2,S1.2,BU1-BU2,BU1-BU2,主干,S1.2,BU1-BU2,BU1-BU2,3,中国台湾头城-日本丸山,中国台湾头城,日本丸山,中国台湾头城-日本丸山
参建海缆,APG,S1.2,S1.2,BU1-BU2,BU1-BU2,主干,S1.2,BU1-BU2,BU1-BU2,4,中国台湾头城-日本志摩,中国台湾头城,日本志摩,中国台湾头城-日本志摩
参建海缆,APG,S1.2,S1.2,BU1-BU2,BU1-BU2,主干,S1.2,BU1-BU2,BU1-BU2,5,中国上海崇明-日本丸山,中国上海崇明,日本丸山,中国上海崇明-日本丸山
参建海缆,APG,S1.2,S1.2,BU1-BU2,BU1-BU2,主干,S1.2,BU1-BU2,BU1-BU2,6,中国上海崇明-韩国釜山,中国上海崇明,韩国釜山,中国上海崇明-韩国釜山
参建海缆,APG,S1.2,S1.2,BU1-BU2,BU1-BU2,主干,S1.2,BU1-BU2,BU1-BU2,7,中国香港将军澳-日本志摩,中国香港将军澳,日本志摩,中国香港将军澳-日本志摩
参建海缆,APG,S1.2,S1.2,BU1-BU2,BU1-BU2,主干,S1.2,BU1-BU2,BU1-BU2,8,中国香港将军澳-韩国釜山,中国香港将军澳,韩国釜山,中国香港将军澳-韩国釜山
参建海缆,APG,S1.2,S1.2,BU1-BU2,BU1-BU2,主干,S1.2,BU1-BU2,BU1-BU2,9,新加坡东岸-日本丸山,新加坡东岸,日本丸山,新加坡东岸-日本丸山
参建海缆,APG,S1.2,S1.2,BU1-BU2,BU1-BU2,主干,S1.2,BU1-BU2,BU1-BU2,10,新加坡东岸-日本志摩,新加坡东岸,日本志摩,新加坡东岸-日本志摩
参建海缆,APG,S1.2,S1.2,BU1-BU2,BU1-BU2,主干,S1.2,BU1-BU2,BU1-BU2,11,新加坡东岸-韩国釜山,新加坡东岸,韩国釜山,新加坡东岸-韩国釜山
参建海缆,APG,S1.2,S1.2,BU1-BU2,BU1-BU2,主干,S1.2,BU1-BU2,BU1-BU2,12,泰国宋卡-日本丸山,泰国宋卡,日本丸山,日本丸山-泰国宋卡
参建海缆,APG,S1.2,S1.2,BU1-BU2,BU1-BU2,主干,S1.2,BU1-BU2,BU1-BU2,13,越南达南-日本丸山,越南达南,日本丸山,日本丸山-越南达南
参建海缆,APG,S1.2,S1.2,BU1-BU2,BU1-BU2,主干,S1.2,BU1-BU2,BU1-BU2,14,马来西亚关丹-日本志摩,马来西亚关丹,日本志摩,日本志摩-马来西亚关丹
参建海缆,APG,S1.3,S1.3,BU2-BU3,BU2-BU3,主干,S1.3,BU2-BU3,BU2-BU3,1,中国上海南汇-韩国釜山,中国上海南汇,韩国釜山,中国上海南汇-韩国釜山
参建海缆,APG,S1.3,S1.3,BU2-BU3,BU2-BU3,主干,S1.3,BU2-BU3,BU2-BU3,2,中国上海南汇-日本志摩,中国上海南汇,日本志摩,中国上海南汇-日本志摩
参建海缆,APG,S1.3,S1.3,BU2-BU3,BU2-BU3,主干,S1.3,BU2-BU3,BU2-BU3,3,中国台湾头城-日本丸山,中国台湾头城,日本丸山,中国台湾头城-日本丸山
参建海缆,APG,S1.3,S1.3,BU2-BU3,BU2-BU3,主干,S1.3,BU2-BU3,BU2-BU3,4,中国台湾头城-日本志摩,中国台湾头城,日本志摩,中国台湾头城-日本志摩
参建海缆,APG,S1.3,S1.3,BU2-BU3,BU2-BU3,主干,S1.3,BU2-BU3,BU2-BU3,5,中国香港将军澳-日本志摩,中国香港将军澳,日本志摩,中国香港将军澳-日本志摩
参建海缆,APG,S1.3,S1.3,BU2-BU3,BU2-BU3,主干,S1.3,BU2-BU3,BU2-BU3,6,中国香港将军澳-韩国釜山,中国香港将军澳,韩国釜山,中国香港将军澳-韩国釜山
参建海缆,APG,S1.3,S1.3,BU2-BU3,BU2-BU3,主干,S1.3,BU2-BU3,BU2-BU3,7,新加坡东岸-中国上海崇明,新加坡东岸,中国上海崇明,中国上海崇明-新加坡东岸
参建海缆,APG,S1.3,S1.3,BU2-BU3,BU2-BU3,主干,S1.3,BU2-BU3,BU2-BU3,8,新加坡东岸-日本丸山,新加坡东岸,日本丸山,新加坡东岸-日本丸山
参建海缆,APG,S1.3,S1.3,BU2-BU3,BU2-BU3,主干,S1.3,BU2-BU3,BU2-BU3,9,新加坡东岸-日本志摩,新加坡东岸,日本志摩,新加坡东岸-日本志摩
参建海缆,APG,S1.3,S1.3,BU2-BU3,BU2-BU3,主干,S1.3,BU2-BU3,BU2-BU3,10,新加坡东岸-韩国釜山,新加坡东岸,韩国釜山,新加坡东岸-韩国釜山
参建海缆,APG,S1.3,S1.3,BU2-BU3,BU2-BU3,主干,S1.3,BU2-BU3,BU2-BU3,11,泰国宋卡-日本丸山,泰国宋卡,日本丸山,日本丸山-泰国宋卡
参建海缆,APG,S1.3,S1.3,BU2-BU3,BU2-BU3,主干,S1.3,BU2-BU3,BU2-BU3,12,越南达南-日本丸山,越南达南,日本丸山,日本丸山-越南达南
参建海缆,APG,S1.3,S1.3,BU2-BU3,BU2-BU3,主干,S1.3,BU2-BU3,BU2-BU3,13,马来西亚关丹-中国上海崇明,马来西亚关丹,中国上海崇明,中国上海崇明-马来西亚关丹
参建海缆,APG,S1.3,S1.3,BU2-BU3,BU2-BU3,主干,S1.3,BU2-BU3,BU2-BU3,14,马来西亚关丹-日本志摩,马来西亚关丹,日本志摩,日本志摩-马来西亚关丹
参建海缆,APG,S1.4,S1.4,BU3-BU4,BU3-BU4,主干,S1.4,BU3-BU4,BU3-BU4,1,中国台湾头城-日本丸山,中国台湾头城,日本丸山,中国台湾头城-日本丸山
参建海缆,APG,S1.4,S1.4,BU3-BU4,BU3-BU4,主干,S1.4,BU3-BU4,BU3-BU4,2,中国台湾头城-日本志摩,中国台湾头城,日本志摩,中国台湾头城-日本志摩
参建海缆,APG,S1.4,S1.4,BU3-BU4,BU3-BU4,主干,S1.4,BU3-BU4,BU3-BU4,3,中国香港将军澳-中国上海南汇,中国香港将军澳,中国上海南汇,中国上海南汇-中国香港将军澳
参建海缆,APG,S1.4,S1.4,BU3-BU4,BU3-BU4,主干,S1.4,BU3-BU4,BU3-BU4,4,中国香港将军澳-日本志摩,中国香港将军澳,日本志摩,中国香港将军澳-日本志摩
参建海缆,APG,S1.4,S1.4,BU3-BU4,BU3-BU4,主干,S1.4,BU3-BU4,BU3-BU4,5,中国香港将军澳-韩国釜山,中国香港将军澳,韩国釜山,中国香港将军澳-韩国釜山
参建海缆,APG,S1.4,S1.4,BU3-BU4,BU3-BU4,主干,S1.4,BU3-BU4,BU3-BU4,6,新加坡东岸-中国上海南汇,新加坡东岸,中国上海南汇,中国上海南汇-新加坡东岸
参建海缆,APG,S1.4,S1.4,BU3-BU4,BU3-BU4,主干,S1.4,BU3-BU4,BU3-BU4,7,新加坡东岸-中国上海崇明,新加坡东岸,中国上海崇明,中国上海崇明-新加坡东岸
参建海缆,APG,S1.4,S1.4,BU3-BU4,BU3-BU4,主干,S1.4,BU3-BU4,BU3-BU4,8,新加坡东岸-日本丸山,新加坡东岸,日本丸山,新加坡东岸-日本丸山
参建海缆,APG,S1.4,S1.4,BU3-BU4,BU3-BU4,主干,S1.4,BU3-BU4,BU3-BU4,9,新加坡东岸-日本志摩,新加坡东岸,日本志摩,新加坡东岸-日本志摩
参建海缆,APG,S1.4,S1.4,BU3-BU4,BU3-BU4,主干,S1.4,BU3-BU4,BU3-BU4,10,新加坡东岸-韩国釜山,新加坡东岸,韩国釜山,新加坡东岸-韩国釜山
参建海缆,APG,S1.4,S1.4,BU3-BU4,BU3-BU4,主干,S1.4,BU3-BU4,BU3-BU4,11,泰国宋卡-日本丸山,泰国宋卡,日本丸山,日本丸山-泰国宋卡
参建海缆,APG,S1.4,S1.4,BU3-BU4,BU3-BU4,主干,S1.4,BU3-BU4,BU3-BU4,12,越南达南-日本丸山,越南达南,日本丸山,日本丸山-越南达南
参建海缆,APG,S1.4,S1.4,BU3-BU4,BU3-BU4,主干,S1.4,BU3-BU4,BU3-BU4,13,马来西亚关丹-中国上海崇明,马来西亚关丹,中国上海崇明,中国上海崇明-马来西亚关丹
参建海缆,APG,S1.4,S1.4,BU3-BU4,BU3-BU4,主干,S1.4,BU3-BU4,BU3-BU4,14,马来西亚关丹-日本志摩,马来西亚关丹,日本志摩,日本志摩-马来西亚关丹
参建海缆,APG,S1.5,S1.5,BU4-BU5,BU4-BU5,主干,S1.5,BU4-BU5,BU4-BU5,1,中国香港将军澳-中国上海南汇,中国香港将军澳,中国上海南汇,中国上海南汇-中国香港将军澳
参建海缆,APG,S1.5,S1.5,BU4-BU5,BU4-BU5,主干,S1.5,BU4-BU5,BU4-BU5,2,中国香港将军澳-中国台湾头城,中国香港将军澳,中国台湾头城,中国台湾头城-中国香港将军澳
参建海缆,APG,S1.5,S1.5,BU4-BU5,BU4-BU5,主干,S1.5,BU4-BU5,BU4-BU5,3,中国香港将军澳-日本志摩,中国香港将军澳,日本志摩,中国香港将军澳-日本志摩
参建海缆,APG,S1.5,S1.5,BU4-BU5,BU4-BU5,主干,S1.5,BU4-BU5,BU4-BU5,4,中国香港将军澳-韩国釜山,中国香港将军澳,韩国釜山,中国香港将军澳-韩国釜山
参建海缆,APG,S1.5,S1.5,BU4-BU5,BU4-BU5,主干,S1.5,BU4-BU5,BU4-BU5,5,新加坡东岸-中国上海南汇,新加坡东岸,中国上海南汇,中国上海南汇-新加坡东岸
参建海缆,APG,S1.5,S1.5,BU4-BU5,BU4-BU5,主干,S1.5,BU4-BU5,BU4-BU5,6,新加坡东岸-中国台湾头城,新加坡东岸,中国台湾头城,中国台湾头城-新加坡东岸
参建海缆,APG,S1.5,S1.5,BU4-BU5,BU4-BU5,主干,S1.5,BU4-BU5,BU4-BU5,7,新加坡东岸-中国上海崇明,新加坡东岸,中国上海崇明,中国上海崇明-新加坡东岸
参建海缆,APG,S1.5,S1.5,BU4-BU5,BU4-BU5,主干,S1.5,BU4-BU5,BU4-BU5,8,新加坡东岸-日本丸山,新加坡东岸,日本丸山,新加坡东岸-日本丸山
参建海缆,APG,S1.5,S1.5,BU4-BU5,BU4-BU5,主干,S1.5,BU4-BU5,BU4-BU5,9,新加坡东岸-日本志摩,新加坡东岸,日本志摩,新加坡东岸-日本志摩
参建海缆,APG,S1.5,S1.5,BU4-BU5,BU4-BU5,主干,S1.5,BU4-BU5,BU4-BU5,10,新加坡东岸-韩国釜山,新加坡东岸,韩国釜山,新加坡东岸-韩国釜山
参建海缆,APG,S1.5,S1.5,BU4-BU5,BU4-BU5,主干,S1.5,BU4-BU5,BU4-BU5,11,泰国宋卡-日本丸山,泰国宋卡,日本丸山,日本丸山-泰国宋卡
参建海缆,APG,S1.5,S1.5,BU4-BU5,BU4-BU5,主干,S1.5,BU4-BU5,BU4-BU5,12,越南达南-日本丸山,越南达南,日本丸山,日本丸山-越南达南
参建海缆,APG,S1.5,S1.5,BU4-BU5,BU4-BU5,主干,S1.5,BU4-BU5,BU4-BU5,13,马来西亚关丹-中国上海崇明,马来西亚关丹,中国上海崇明,中国上海崇明-马来西亚关丹
参建海缆,APG,S1.5,S1.5,BU4-BU5,BU4-BU5,主干,S1.5,BU4-BU5,BU4-BU5,14,马来西亚关丹-日本志摩,马来西亚关丹,日本志摩,日本志摩-马来西亚关丹
参建海缆,APG,S1.6,S1.6,BU5-BU6,BU5-BU6,主干,S1.6,BU5-BU6,BU5-BU6,1,新加坡东岸-中国上海南汇,新加坡东岸,中国上海南汇,中国上海南汇-新加坡东岸
参建海缆,APG,S1.6,S1.6,BU5-BU6,BU5-BU6,主干,S1.6,BU5-BU6,BU5-BU6,2,新加坡东岸-中国台湾头城,新加坡东岸,中国台湾头城,中国台湾头城-新加坡东岸
参建海缆,APG,S1.6,S1.6,BU5-BU6,BU5-BU6,主干,S1.6,BU5-BU6,BU5-BU6,3,新加坡东岸-中国上海崇明,新加坡东岸,中国上海崇明,中国上海崇明-新加坡东岸
参建海缆,APG,S1.6,S1.6,BU5-BU6,BU5-BU6,主干,S1.6,BU5-BU6,BU5-BU6,4,新加坡东岸-中国香港将军澳,新加坡东岸,中国香港将军澳,中国香港将军澳-新加坡东岸
参建海缆,APG,S1.6,S1.6,BU5-BU6,BU5-BU6,主干,S1.6,BU5-BU6,BU5-BU6,5,新加坡东岸-日本丸山,新加坡东岸,日本丸山,新加坡东岸-日本丸山
参建海缆,APG,S1.6,S1.6,BU5-BU6,BU5-BU6,主干,S1.6,BU5-BU6,BU5-BU6,6,新加坡东岸-日本志摩,新加坡东岸,日本志摩,新加坡东岸-日本志摩
参建海缆,APG,S1.6,S1.6,BU5-BU6,BU5-BU6,主干,S1.6,BU5-BU6,BU5-BU6,7,新加坡东岸-韩国釜山,新加坡东岸,韩国釜山,新加坡东岸-韩国釜山
参建海缆,APG,S1.6,S1.6,BU5-BU6,BU5-BU6,主干,S1.6,BU5-BU6,BU5-BU6,8,泰国宋卡-中国香港将军澳,泰国宋卡,中国香港将军澳,中国香港将军澳-泰国宋卡
参建海缆,APG,S1.6,S1.6,BU5-BU6,BU5-BU6,主干,S1.6,BU5-BU6,BU5-BU6,9,泰国宋卡-日本丸山,泰国宋卡,日本丸山,日本丸山-泰国宋卡
参建海缆,APG,S1.6,S1.6,BU5-BU6,BU5-BU6,主干,S1.6,BU5-BU6,BU5-BU6,10,越南达南-中国香港将军澳,越南达南,中国香港将军澳,中国香港将军澳-越南达南
参建海缆,APG,S1.6,S1.6,BU5-BU6,BU5-BU6,主干,S1.6,BU5-BU6,BU5-BU6,11,越南达南-日本丸山,越南达南,日本丸山,日本丸山-越南达南
参建海缆,APG,S1.6,S1.6,BU5-BU6,BU5-BU6,主干,S1.6,BU5-BU6,BU5-BU6,12,马来西亚关丹-中国上海崇明,马来西亚关丹,中国上海崇明,中国上海崇明-马来西亚关丹
参建海缆,APG,S1.6,S1.6,BU5-BU6,BU5-BU6,主干,S1.6,BU5-BU6,BU5-BU6,13,马来西亚关丹-中国香港将军澳,马来西亚关丹,中国香港将军澳,中国香港将军澳-马来西亚关丹
参建海缆,APG,S1.6,S1.6,BU5-BU6,BU5-BU6,主干,S1.6,BU5-BU6,BU5-BU6,14,马来西亚关丹-日本志摩,马来西亚关丹,日本志摩,日本志摩-马来西亚关丹
参建海缆,APG,S1.7,S1.7,BU6-BU7,BU6-BU7,主干,S1.7,BU6-BU7,BU6-BU7,1,新加坡东岸-中国上海南汇,新加坡东岸,中国上海南汇,中国上海南汇-新加坡东岸
参建海缆,APG,S1.7,S1.7,BU6-BU7,BU6-BU7,主干,S1.7,BU6-BU7,BU6-BU7,2,新加坡东岸-中国台湾头城,新加坡东岸,中国台湾头城,中国台湾头城-新加坡东岸
参建海缆,APG,S1.7,S1.7,BU6-BU7,BU6-BU7,主干,S1.7,BU6-BU7,BU6-BU7,3,新加坡东岸-中国上海崇明,新加坡东岸,中国上海崇明,中国上海崇明-新加坡东岸
参建海缆,APG,S1.7,S1.7,BU6-BU7,BU6-BU7,主干,S1.7,BU6-BU7,BU6-BU7,4,新加坡东岸-中国香港将军澳,新加坡东岸,中国香港将军澳,中国香港将军澳-新加坡东岸
参建海缆,APG,S1.7,S1.7,BU6-BU7,BU6-BU7,主干,S1.7,BU6-BU7,BU6-BU7,5,新加坡东岸-日本丸山,新加坡东岸,日本丸山,新加坡东岸-日本丸山
参建海缆,APG,S1.7,S1.7,BU6-BU7,BU6-BU7,主干,S1.7,BU6-BU7,BU6-BU7,6,新加坡东岸-日本志摩,新加坡东岸,日本志摩,新加坡东岸-日本志摩
参建海缆,APG,S1.7,S1.7,BU6-BU7,BU6-BU7,主干,S1.7,BU6-BU7,BU6-BU7,7,新加坡东岸-越南达南,新加坡东岸,越南达南,新加坡东岸-越南达南
参建海缆,APG,S1.7,S1.7,BU6-BU7,BU6-BU7,主干,S1.7,BU6-BU7,BU6-BU7,8,新加坡东岸-韩国釜山,新加坡东岸,韩国釜山,新加坡东岸-韩国釜山
参建海缆,APG,S1.7,S1.7,BU6-BU7,BU6-BU7,主干,S1.7,BU6-BU7,BU6-BU7,9,泰国宋卡-中国香港将军澳,泰国宋卡,中国香港将军澳,中国香港将军澳-泰国宋卡
参建海缆,APG,S1.7,S1.7,BU6-BU7,BU6-BU7,主干,S1.7,BU6-BU7,BU6-BU7,10,泰国宋卡-日本丸山,泰国宋卡,日本丸山,日本丸山-泰国宋卡
参建海缆,APG,S1.7,S1.7,BU6-BU7,BU6-BU7,主干,S1.7,BU6-BU7,BU6-BU7,11,马来西亚关丹-中国上海崇明,马来西亚关丹,中国上海崇明,中国上海崇明-马来西亚关丹
参建海缆,APG,S1.7,S1.7,BU6-BU7,BU6-BU7,主干,S1.7,BU6-BU7,BU6-BU7,12,马来西亚关丹-中国香港将军澳,马来西亚关丹,中国香港将军澳,中国香港将军澳-马来西亚关丹
参建海缆,APG,S1.7,S1.7,BU6-BU7,BU6-BU7,主干,S1.7,BU6-BU7,BU6-BU7,13,马来西亚关丹-日本志摩,马来西亚关丹,日本志摩,日本志摩-马来西亚关丹
参建海缆,APG,S1.7,S1.7,BU6-BU7,BU6-BU7,主干,S1.7,BU6-BU7,BU6-BU7,14,马来西亚关丹-越南达南,马来西亚关丹,越南达南,越南达南-马来西亚关丹
参建海缆,APG,S1.8,S1.8,BU7-BU8,BU7-BU8,主干,S1.8,BU7-BU8,BU7-BU8,1,新加坡东岸-中国上海南汇,新加坡东岸,中国上海南汇,中国上海南汇-新加坡东岸
参建海缆,APG,S1.8,S1.8,BU7-BU8,BU7-BU8,主干,S1.8,BU7-BU8,BU7-BU8,2,新加坡东岸-中国台湾头城,新加坡东岸,中国台湾头城,中国台湾头城-新加坡东岸
参建海缆,APG,S1.8,S1.8,BU7-BU8,BU7-BU8,主干,S1.8,BU7-BU8,BU7-BU8,3,新加坡东岸-中国上海崇明,新加坡东岸,中国上海崇明,中国上海崇明-新加坡东岸
参建海缆,APG,S1.8,S1.8,BU7-BU8,BU7-BU8,主干,S1.8,BU7-BU8,BU7-BU8,4,新加坡东岸-中国香港将军澳,新加坡东岸,中国香港将军澳,中国香港将军澳-新加坡东岸
参建海缆,APG,S1.8,S1.8,BU7-BU8,BU7-BU8,主干,S1.8,BU7-BU8,BU7-BU8,5,新加坡东岸-日本丸山,新加坡东岸,日本丸山,新加坡东岸-日本丸山
参建海缆,APG,S1.8,S1.8,BU7-BU8,BU7-BU8,主干,S1.8,BU7-BU8,BU7-BU8,6,新加坡东岸-日本志摩,新加坡东岸,日本志摩,新加坡东岸-日本志摩
参建海缆,APG,S1.8,S1.8,BU7-BU8,BU7-BU8,主干,S1.8,BU7-BU8,BU7-BU8,7,新加坡东岸-泰国宋卡,新加坡东岸,泰国宋卡,新加坡东岸-泰国宋卡
参建海缆,APG,S1.8,S1.8,BU7-BU8,BU7-BU8,主干,S1.8,BU7-BU8,BU7-BU8,8,新加坡东岸-越南达南,新加坡东岸,越南达南,新加坡东岸-越南达南
参建海缆,APG,S1.8,S1.8,BU7-BU8,BU7-BU8,主干,S1.8,BU7-BU8,BU7-BU8,9,新加坡东岸-韩国釜山,新加坡东岸,韩国釜山,新加坡东岸-韩国釜山
参建海缆,APG,S1.8,S1.8,BU7-BU8,BU7-BU8,主干,S1.8,BU7-BU8,BU7-BU8,10,马来西亚关丹-中国上海崇明,马来西亚关丹,中国上海崇明,中国上海崇明-马来西亚关丹
参建海缆,APG,S1.8,S1.8,BU7-BU8,BU7-BU8,主干,S1.8,BU7-BU8,BU7-BU8,11,马来西亚关丹-中国香港将军澳,马来西亚关丹,中国香港将军澳,中国香港将军澳-马来西亚关丹
参建海缆,APG,S1.8,S1.8,BU7-BU8,BU7-BU8,主干,S1.8,BU7-BU8,BU7-BU8,12,马来西亚关丹-日本志摩,马来西亚关丹,日本志摩,日本志摩-马来西亚关丹
参建海缆,APG,S1.8,S1.8,BU7-BU8,BU7-BU8,主干,S1.8,BU7-BU8,BU7-BU8,13,马来西亚关丹-泰国宋卡,马来西亚关丹,泰国宋卡,泰国宋卡-马来西亚关丹
参建海缆,APG,S1.8,S1.8,BU7-BU8,BU7-BU8,主干,S1.8,BU7-BU8,BU7-BU8,14,马来西亚关丹-越南达南,马来西亚关丹,越南达南,越南达南-马来西亚关丹
参建海缆,APG,S1.9,S1.9,Kuantan-BU8,马来西亚关丹-BU8,主干,S1.9,Kuantan-BU8,马来西亚关丹-BU8,1,新加坡东岸 -马来西亚关丹,新加坡东岸 ,马来西亚关丹,新加坡东岸 -马来西亚关丹
参建海缆,APG,S1.9,S1.9,Kuantan-BU8,马来西亚关丹-BU8,主干,S1.9,Kuantan-BU8,马来西亚关丹-BU8,2,马来西亚关丹-中国上海崇明,马来西亚关丹,中国上海崇明,中国上海崇明-马来西亚关丹
参建海缆,APG,S1.9,S1.9,Kuantan-BU8,马来西亚关丹-BU8,主干,S1.9,Kuantan-BU8,马来西亚关丹-BU8,3,马来西亚关丹-中国香港将军澳,马来西亚关丹,中国香港将军澳,中国香港将军澳-马来西亚关丹
参建海缆,APG,S1.9,S1.9,Kuantan-BU8,马来西亚关丹-BU8,主干,S1.9,Kuantan-BU8,马来西亚关丹-BU8,4,马来西亚关丹-日本志摩,马来西亚关丹,日本志摩,日本志摩-马来西亚关丹
参建海缆,APG,S1.9,S1.9,Kuantan-BU8,马来西亚关丹-BU8,主干,S1.9,Kuantan-BU8,马来西亚关丹-BU8,5,马来西亚关丹-泰国宋卡,马来西亚关丹,泰国宋卡,泰国宋卡-马来西亚关丹
参建海缆,APG,S1.9,S1.9,Kuantan-BU8,马来西亚关丹-BU8,主干,S1.9,Kuantan-BU8,马来西亚关丹-BU8,6,马来西亚关丹-越南达南,马来西亚关丹,越南达南,越南达南-马来西亚关丹
参建海缆,APG,S2.1,S2.1,BU1-BU9,BU1-BU9,主干,S2.1,BU1-BU9,BU1-BU9,1,中国上海南汇-日本志摩,中国上海南汇,日本志摩,中国上海南汇-日本志摩
参建海缆,APG,S2.1,S2.1,BU1-BU9,BU1-BU9,主干,S2.1,BU1-BU9,BU1-BU9,2,中国台湾头城-日本丸山,中国台湾头城,日本丸山,中国台湾头城-日本丸山
参建海缆,APG,S2.1,S2.1,BU1-BU9,BU1-BU9,主干,S2.1,BU1-BU9,BU1-BU9,3,中国台湾头城-日本志摩,中国台湾头城,日本志摩,中国台湾头城-日本志摩
参建海缆,APG,S2.1,S2.1,BU1-BU9,BU1-BU9,主干,S2.1,BU1-BU9,BU1-BU9,4,中国上海崇明-日本丸山,中国上海崇明,日本丸山,中国上海崇明-日本丸山
参建海缆,APG,S2.1,S2.1,BU1-BU9,BU1-BU9,主干,S2.1,BU1-BU9,BU1-BU9,5,中国香港将军澳-日本志摩,中国香港将军澳,日本志摩,中国香港将军澳-日本志摩
参建海缆,APG,S2.1,S2.1,BU1-BU9,BU1-BU9,主干,S2.1,BU1-BU9,BU1-BU9,6,新加坡东岸-日本丸山,新加坡东岸,日本丸山,新加坡东岸-日本丸山
参建海缆,APG,S2.1,S2.1,BU1-BU9,BU1-BU9,主干,S2.1,BU1-BU9,BU1-BU9,7,新加坡东岸-日本志摩,新加坡东岸,日本志摩,新加坡东岸-日本志摩
参建海缆,APG,S2.1,S2.1,BU1-BU9,BU1-BU9,主干,S2.1,BU1-BU9,BU1-BU9,8,泰国宋卡-日本丸山,泰国宋卡,日本丸山,日本丸山-泰国宋卡
参建海缆,APG,S2.1,S2.1,BU1-BU9,BU1-BU9,主干,S2.1,BU1-BU9,BU1-BU9,9,越南达南-日本丸山,越南达南,日本丸山,日本丸山-越南达南
参建海缆,APG,S2.1,S2.1,BU1-BU9,BU1-BU9,主干,S2.1,BU1-BU9,BU1-BU9,10,韩国釜山-日本志摩,韩国釜山,日本志摩,日本志摩-韩国釜山
参建海缆,APG,S2.1,S2.1,BU1-BU9,BU1-BU9,主干,S2.1,BU1-BU9,BU1-BU9,11,马来西亚关丹-日本志摩,马来西亚关丹,日本志摩,日本志摩-马来西亚关丹
参建海缆,APG,S2.2,S2.2,Shinmaruyama-BU9,日本丸山-BU9,主干,S2.2,Shinmaruyama-BU9,日本丸山-BU9,1,中国台湾头城-日本丸山,中国台湾头城,日本丸山,中国台湾头城-日本丸山
参建海缆,APG,S2.2,S2.2,Shinmaruyama-BU9,日本丸山-BU9,主干,S2.2,Shinmaruyama-BU9,日本丸山-BU9,2,中国上海崇明-日本丸山,中国上海崇明,日本丸山,中国上海崇明-日本丸山
参建海缆,APG,S2.2,S2.2,Shinmaruyama-BU9,日本丸山-BU9,主干,S2.2,Shinmaruyama-BU9,日本丸山-BU9,3,新加坡东岸-日本丸山,新加坡东岸,日本丸山,新加坡东岸-日本丸山
参建海缆,APG,S2.2,S2.2,Shinmaruyama-BU9,日本丸山-BU9,主干,S2.2,Shinmaruyama-BU9,日本丸山-BU9,4,日本丸山-日本志摩,日本丸山,日本志摩,日本丸山-日本志摩
参建海缆,APG,S2.2,S2.2,Shinmaruyama-BU9,日本丸山-BU9,主干,S2.2,Shinmaruyama-BU9,日本丸山-BU9,5,泰国宋卡-日本丸山,泰国宋卡,日本丸山,日本丸山-泰国宋卡
参建海缆,APG,S2.2,S2.2,Shinmaruyama-BU9,日本丸山-BU9,主干,S2.2,Shinmaruyama-BU9,日本丸山-BU9,6,越南达南-日本丸山,越南达南,日本丸山,日本丸山-越南达南
参建海缆,APG,S2.2a,S2.2a,Shima-BU9,日本志摩-BU9,主干,S2.2a,Shima-BU9,日本志摩-BU9,1,中国上海南汇-日本志摩,中国上海南汇,日本志摩,中国上海南汇-日本志摩
参建海缆,APG,S2.2a,S2.2a,Shima-BU9,日本志摩-BU9,主干,S2.2a,Shima-BU9,日本志摩-BU9,2,中国台湾头城-日本志摩,中国台湾头城,日本志摩,中国台湾头城-日本志摩
参建海缆,APG,S2.2a,S2.2a,Shima-BU9,日本志摩-BU9,主干,S2.2a,Shima-BU9,日本志摩-BU9,3,中国香港将军澳-日本志摩,中国香港将军澳,日本志摩,中国香港将军澳-日本志摩
参建海缆,APG,S2.2a,S2.2a,Shima-BU9,日本志摩-BU9,主干,S2.2a,Shima-BU9,日本志摩-BU9,4,新加坡东岸-日本志摩,新加坡东岸,日本志摩,新加坡东岸-日本志摩
参建海缆,APG,S2.2a,S2.2a,Shima-BU9,日本志摩-BU9,主干,S2.2a,Shima-BU9,日本志摩-BU9,5,日本丸山-日本志摩,日本丸山,日本志摩,日本丸山-日本志摩
参建海缆,APG,S2.2a,S2.2a,Shima-BU9,日本志摩-BU9,主干,S2.2a,Shima-BU9,日本志摩-BU9,6,韩国釜山-日本志摩,韩国釜山,日本志摩,日本志摩-韩国釜山
参建海缆,APG,S2.2a,S2.2a,Shima-BU9,日本志摩-BU9,主干,S2.2a,Shima-BU9,日本志摩-BU9,7,马来西亚关丹-日本志摩,马来西亚关丹,日本志摩,日本志摩-马来西亚关丹
参建海缆,APG,S3,S3,Chongming-BU2,中国上海崇明-BU2,主干,S3,Chongming-BU2,中国上海崇明-BU2,1,中国上海崇明-日本丸山,中国上海崇明,日本丸山,中国上海崇明-日本丸山
参建海缆,APG,S3,S3,Chongming-BU2,中国上海崇明-BU2,主干,S3,Chongming-BU2,中国上海崇明-BU2,2,中国上海崇明-韩国釜山,中国上海崇明,韩国釜山,中国上海崇明-韩国釜山
参建海缆,APG,S3,S3,Chongming-BU2,中国上海崇明-BU2,主干,S3,Chongming-BU2,中国上海崇明-BU2,3,新加坡东岸-中国上海崇明,新加坡东岸,中国上海崇明,中国上海崇明-新加坡东岸
参建海缆,APG,S3,S3,Chongming-BU2,中国上海崇明-BU2,主干,S3,Chongming-BU2,中国上海崇明-BU2,4,马来西亚关丹-中国上海崇明,马来西亚关丹,中国上海崇明,中国上海崇明-马来西亚关丹
参建海缆,APG,S4,S4,Nanhui-BU3,中国上海南汇-BU3,主干,S4,Nanhui-BU3,中国上海南汇-BU3,1,中国上海南汇-韩国釜山,中国上海南汇,韩国釜山,中国上海南汇-韩国釜山
参建海缆,APG,S4,S4,Nanhui-BU3,中国上海南汇-BU3,主干,S4,Nanhui-BU3,中国上海南汇-BU3,2,中国上海南汇-日本志摩,中国上海南汇,日本志摩,中国上海南汇-日本志摩
参建海缆,APG,S4,S4,Nanhui-BU3,中国上海南汇-BU3,主干,S4,Nanhui-BU3,中国上海南汇-BU3,3,中国香港将军澳-中国上海南汇,中国香港将军澳,中国上海南汇,中国上海南汇-中国香港将军澳
参建海缆,APG,S4,S4,Nanhui-BU3,中国上海南汇-BU3,主干,S4,Nanhui-BU3,中国上海南汇-BU3,4,新加坡东岸-中国上海南汇,新加坡东岸,中国上海南汇,中国上海南汇-新加坡东岸
参建海缆,APG,S5,S5,Toucheng-BU4,中国台湾头城-BU4,主干,S5,Toucheng-BU4,中国台湾头城-BU4,1,中国台湾头城-日本丸山,中国台湾头城,日本丸山,中国台湾头城-日本丸山
参建海缆,APG,S5,S5,Toucheng-BU4,中国台湾头城-BU4,主干,S5,Toucheng-BU4,中国台湾头城-BU4,2,中国台湾头城-日本志摩,中国台湾头城,日本志摩,中国台湾头城-日本志摩
参建海缆,APG,S5,S5,Toucheng-BU4,中国台湾头城-BU4,主干,S5,Toucheng-BU4,中国台湾头城-BU4,3,中国香港将军澳-中国台湾头城,中国香港将军澳,中国台湾头城,中国台湾头城-中国香港将军澳
参建海缆,APG,S5,S5,Toucheng-BU4,中国台湾头城-BU4,主干,S5,Toucheng-BU4,中国台湾头城-BU4,4,新加坡东岸-中国台湾头城,新加坡东岸,中国台湾头城,中国台湾头城-新加坡东岸
参建海缆,APG,S6,S6,Tesung Kwan O-BU5,中国香港将军澳-BU5,主干,S6,Tesung Kwan O-BU5,中国香港将军澳-BU5,1,中国香港将军澳-中国上海南汇,中国香港将军澳,中国上海南汇,中国上海南汇-中国香港将军澳
参建海缆,APG,S6,S6,Tesung Kwan O-BU5,中国香港将军澳-BU5,主干,S6,Tesung Kwan O-BU5,中国香港将军澳-BU5,2,中国香港将军澳-中国台湾头城,中国香港将军澳,中国台湾头城,中国台湾头城-中国香港将军澳
参建海缆,APG,S6,S6,Tesung Kwan O-BU5,中国香港将军澳-BU5,主干,S6,Tesung Kwan O-BU5,中国香港将军澳-BU5,3,中国香港将军澳-日本志摩,中国香港将军澳,日本志摩,中国香港将军澳-日本志摩
参建海缆,APG,S6,S6,Tesung Kwan O-BU5,中国香港将军澳-BU5,主干,S6,Tesung Kwan O-BU5,中国香港将军澳-BU5,4,中国香港将军澳-韩国釜山,中国香港将军澳,韩国釜山,中国香港将军澳-韩国釜山
参建海缆,APG,S6,S6,Tesung Kwan O-BU5,中国香港将军澳-BU5,主干,S6,Tesung Kwan O-BU5,中国香港将军澳-BU5,5,新加坡东岸-中国香港将军澳,新加坡东岸,中国香港将军澳,中国香港将军澳-新加坡东岸
参建海缆,APG,S6,S6,Tesung Kwan O-BU5,中国香港将军澳-BU5,主干,S6,Tesung Kwan O-BU5,中国香港将军澳-BU5,6,泰国宋卡-中国香港将军澳,泰国宋卡,中国香港将军澳,中国香港将军澳-泰国宋卡
参建海缆,APG,S6,S6,Tesung Kwan O-BU5,中国香港将军澳-BU5,主干,S6,Tesung Kwan O-BU5,中国香港将军澳-BU5,7,越南达南-中国香港将军澳,越南达南,中国香港将军澳,中国香港将军澳-越南达南
参建海缆,APG,S6,S6,Tesung Kwan O-BU5,中国香港将军澳-BU5,主干,S6,Tesung Kwan O-BU5,中国香港将军澳-BU5,8,马来西亚关丹-中国香港将军澳,马来西亚关丹,中国香港将军澳,中国香港将军澳-马来西亚关丹
参建海缆,APG,S7,S7,Danang-BU6,越南达南-BU6,主干,S7,Danang-BU6,越南达南-BU6,1,新加坡东岸-越南达南,新加坡东岸,越南达南,新加坡东岸-越南达南
参建海缆,APG,S7,S7,Danang-BU6,越南达南-BU6,主干,S7,Danang-BU6,越南达南-BU6,2,越南达南-中国香港将军澳,越南达南,中国香港将军澳,中国香港将军澳-越南达南
参建海缆,APG,S7,S7,Danang-BU6,越南达南-BU6,主干,S7,Danang-BU6,越南达南-BU6,3,越南达南-日本丸山,越南达南,日本丸山,日本丸山-越南达南
参建海缆,APG,S7,S7,Danang-BU6,越南达南-BU6,主干,S7,Danang-BU6,越南达南-BU6,4,马来西亚关丹-越南达南,马来西亚关丹,越南达南,越南达南-马来西亚关丹
参建海缆,APG,S8,S8,Songkhla-BU7,泰国宋卡-BU7,主干,S8,Songkhla-BU7,泰国宋卡-BU7,1,新加坡东岸-泰国宋卡,新加坡东岸,泰国宋卡,新加坡东岸-泰国宋卡
参建海缆,APG,S8,S8,Songkhla-BU7,泰国宋卡-BU7,主干,S8,Songkhla-BU7,泰国宋卡-BU7,2,泰国宋卡-中国香港将军澳,泰国宋卡,中国香港将军澳,中国香港将军澳-泰国宋卡
参建海缆,APG,S8,S8,Songkhla-BU7,泰国宋卡-BU7,主干,S8,Songkhla-BU7,泰国宋卡-BU7,3,泰国宋卡-日本丸山,泰国宋卡,日本丸山,日本丸山-泰国宋卡
参建海缆,APG,S8,S8,Songkhla-BU7,泰国宋卡-BU7,主干,S8,Songkhla-BU7,泰国宋卡-BU7,4,马来西亚关丹-泰国宋卡,马来西亚关丹,泰国宋卡,泰国宋卡-马来西亚关丹
参建海缆,APG,S9,S9,East Coast-BU8,新加坡东岸-BU8,主干,S9,East Coast-BU8,新加坡东岸-BU8,1,新加坡东岸 -马来西亚关丹,新加坡东岸 ,马来西亚关丹,新加坡东岸 -马来西亚关丹
参建海缆,APG,S9,S9,East Coast-BU8,新加坡东岸-BU8,主干,S9,East Coast-BU8,新加坡东岸-BU8,2,新加坡东岸-中国上海南汇,新加坡东岸,中国上海南汇,中国上海南汇-新加坡东岸
参建海缆,APG,S9,S9,East Coast-BU8,新加坡东岸-BU8,主干,S9,East Coast-BU8,新加坡东岸-BU8,3,新加坡东岸-中国台湾头城,新加坡东岸,中国台湾头城,中国台湾头城-新加坡东岸
参建海缆,APG,S9,S9,East Coast-BU8,新加坡东岸-BU8,主干,S9,East Coast-BU8,新加坡东岸-BU8,4,新加坡东岸-中国上海崇明,新加坡东岸,中国上海崇明,中国上海崇明-新加坡东岸
参建海缆,APG,S9,S9,East Coast-BU8,新加坡东岸-BU8,主干,S9,East Coast-BU8,新加坡东岸-BU8,5,新加坡东岸-中国香港将军澳,新加坡东岸,中国香港将军澳,中国香港将军澳-新加坡东岸
参建海缆,APG,S9,S9,East Coast-BU8,新加坡东岸-BU8,主干,S9,East Coast-BU8,新加坡东岸-BU8,6,新加坡东岸-日本丸山,新加坡东岸,日本丸山,新加坡东岸-日本丸山
参建海缆,APG,S9,S9,East Coast-BU8,新加坡东岸-BU8,主干,S9,East Coast-BU8,新加坡东岸-BU8,7,新加坡东岸-日本志摩,新加坡东岸,日本志摩,新加坡东岸-日本志摩
参建海缆,APG,S9,S9,East Coast-BU8,新加坡东岸-BU8,主干,S9,East Coast-BU8,新加坡东岸-BU8,8,新加坡东岸-泰国宋卡,新加坡东岸,泰国宋卡,新加坡东岸-泰国宋卡
参建海缆,APG,S9,S9,East Coast-BU8,新加坡东岸-BU8,主干,S9,East Coast-BU8,新加坡东岸-BU8,9,新加坡东岸-越南达南,新加坡东岸,越南达南,新加坡东岸-越南达南
参建海缆,APG,S9,S9,East Coast-BU8,新加坡东岸-BU8,主干,S9,East Coast-BU8,新加坡东岸-BU8,10,新加坡东岸-韩国釜山,新加坡东岸,韩国釜山,新加坡东岸-韩国釜山
参建海缆,CSCN,W1,W1,观音山-厦门,中国台湾金门观音山-中国厦门,主干,W1,观音山-厦门,,1,中国台湾金门-中国厦门,中国台湾金门,中国厦门,中国厦门-中国台湾金门
参建海缆,CSCN,W2,W2,大嶝岛-厦门,中国台湾金门大嶝岛-中国厦门,主干,W2,大嶝岛-厦门,,1,中国台湾金门-中国厦门,中国台湾金门,中国厦门,中国厦门-中国台湾金门
参建海缆,NCP,S1.1,S1.1,Chongming-BU1,中国上海崇明-BU1,主干,S1.1,Chongming-BU1,中国上海崇明-BU1,1,中国上海临港-中国台湾头城,中国上海临港,中国台湾头城,中国上海临港-中国台湾头城
参建海缆,NCP,S1.1,S1.1,Chongming-BU1,中国上海崇明-BU1,主干,S1.1,Chongming-BU1,中国上海崇明-BU1,2,中国上海临港-日本丸山,中国上海临港,日本丸山,中国上海临港-日本丸山
参建海缆,NCP,S1.1,S1.1,Chongming-BU1,中国上海崇明-BU1,主干,S1.1,Chongming-BU1,中国上海崇明-BU1,3,中国上海临港-韩国釜山,中国上海临港,韩国釜山,中国上海临港-韩国釜山
参建海缆,NCP,S1.1,S1.1,Chongming-BU1,中国上海崇明-BU1,主干,S1.1,Chongming-BU1,中国上海崇明-BU1,4,中国上海崇明-中国台湾头城,中国上海崇明,中国台湾头城,中国上海崇明-中国台湾头城
参建海缆,NCP,S1.1,S1.1,Chongming-BU1,中国上海崇明-BU1,主干,S1.1,Chongming-BU1,中国上海崇明-BU1,5,中国上海崇明-日本丸山,中国上海崇明,日本丸山,中国上海崇明-日本丸山
参建海缆,NCP,S1.1,S1.1,Chongming-BU1,中国上海崇明-BU1,主干,S1.1,Chongming-BU1,中国上海崇明-BU1,6,中国上海崇明-美国俄勒冈,中国上海崇明,美国俄勒冈,中国上海崇明-美国俄勒冈
参建海缆,NCP,S1.1,S1.1,Chongming-BU1,中国上海崇明-BU1,主干,S1.1,Chongming-BU1,中国上海崇明-BU1,7,中国上海崇明-韩国釜山,中国上海崇明,韩国釜山,中国上海崇明-韩国釜山
参建海缆,NCP,S1.2,S1.2,BU1-BU2,BU1-BU2,主干,S1.2,BU1-BU2,BU1-BU2,1,中国上海临港-中国台湾头城,中国上海临港,中国台湾头城,中国上海临港-中国台湾头城
参建海缆,NCP,S1.2,S1.2,BU1-BU2,BU1-BU2,主干,S1.2,BU1-BU2,BU1-BU2,2,中国上海临港-日本丸山,中国上海临港,日本丸山,中国上海临港-日本丸山
参建海缆,NCP,S1.2,S1.2,BU1-BU2,BU1-BU2,主干,S1.2,BU1-BU2,BU1-BU2,3,中国上海临港-美国俄勒冈,中国上海临港,美国俄勒冈,中国上海临港-美国俄勒冈
参建海缆,NCP,S1.2,S1.2,BU1-BU2,BU1-BU2,主干,S1.2,BU1-BU2,BU1-BU2,4,中国上海临港-韩国釜山,中国上海临港,韩国釜山,中国上海临港-韩国釜山
参建海缆,NCP,S1.2,S1.2,BU1-BU2,BU1-BU2,主干,S1.2,BU1-BU2,BU1-BU2,5,中国上海南汇-中国台湾头城,中国上海南汇,中国台湾头城,中国上海南汇-中国台湾头城
参建海缆,NCP,S1.2,S1.2,BU1-BU2,BU1-BU2,主干,S1.2,BU1-BU2,BU1-BU2,6,中国上海南汇-日本丸山,中国上海南汇,日本丸山,中国上海南汇-日本丸山
参建海缆,NCP,S1.2,S1.2,BU1-BU2,BU1-BU2,主干,S1.2,BU1-BU2,BU1-BU2,7,中国上海南汇-美国俄勒冈,中国上海南汇,美国俄勒冈,中国上海南汇-美国俄勒冈
参建海缆,NCP,S1.2,S1.2,BU1-BU2,BU1-BU2,主干,S1.2,BU1-BU2,BU1-BU2,8,中国上海南汇-韩国釜山,中国上海南汇,韩国釜山,中国上海南汇-韩国釜山
参建海缆,NCP,S1.2,S1.2,BU1-BU2,BU1-BU2,主干,S1.2,BU1-BU2,BU1-BU2,9,中国上海崇明-中国台湾头城,中国上海崇明,中国台湾头城,中国上海崇明-中国台湾头城
参建海缆,NCP,S1.2,S1.2,BU1-BU2,BU1-BU2,主干,S1.2,BU1-BU2,BU1-BU2,10,中国上海崇明-日本丸山,中国上海崇明,日本丸山,中国上海崇明-日本丸山
参建海缆,NCP,S1.2,S1.2,BU1-BU2,BU1-BU2,主干,S1.2,BU1-BU2,BU1-BU2,11,中国上海崇明-美国俄勒冈,中国上海崇明,美国俄勒冈,中国上海崇明-美国俄勒冈
参建海缆,NCP,S1.2,S1.2,BU1-BU2,BU1-BU2,主干,S1.2,BU1-BU2,BU1-BU2,12,中国上海崇明-韩国釜山,中国上海崇明,韩国釜山,中国上海崇明-韩国釜山
参建海缆,NCP,S1.3,S1.3,BU2-BU3,BU2-BU3,主干,S1.3,BU2-BU3,BU2-BU3,1,中国上海临港-中国台湾头城,中国上海临港,中国台湾头城,中国上海临港-中国台湾头城
参建海缆,NCP,S1.3,S1.3,BU2-BU3,BU2-BU3,主干,S1.3,BU2-BU3,BU2-BU3,2,中国上海临港-日本丸山,中国上海临港,日本丸山,中国上海临港-日本丸山
参建海缆,NCP,S1.3,S1.3,BU2-BU3,BU2-BU3,主干,S1.3,BU2-BU3,BU2-BU3,3,中国上海临港-美国俄勒冈,中国上海临港,美国俄勒冈,中国上海临港-美国俄勒冈
参建海缆,NCP,S1.3,S1.3,BU2-BU3,BU2-BU3,主干,S1.3,BU2-BU3,BU2-BU3,4,中国上海南汇-中国台湾头城,中国上海南汇,中国台湾头城,中国上海南汇-中国台湾头城
参建海缆,NCP,S1.3,S1.3,BU2-BU3,BU2-BU3,主干,S1.3,BU2-BU3,BU2-BU3,5,中国上海南汇-日本丸山,中国上海南汇,日本丸山,中国上海南汇-日本丸山
参建海缆,NCP,S1.3,S1.3,BU2-BU3,BU2-BU3,主干,S1.3,BU2-BU3,BU2-BU3,6,中国上海南汇-美国俄勒冈,中国上海南汇,美国俄勒冈,中国上海南汇-美国俄勒冈
参建海缆,NCP,S1.3,S1.3,BU2-BU3,BU2-BU3,主干,S1.3,BU2-BU3,BU2-BU3,7,中国上海崇明-中国台湾头城,中国上海崇明,中国台湾头城,中国上海崇明-中国台湾头城
参建海缆,NCP,S1.3,S1.3,BU2-BU3,BU2-BU3,主干,S1.3,BU2-BU3,BU2-BU3,8,中国上海崇明-日本丸山,中国上海崇明,日本丸山,中国上海崇明-日本丸山
参建海缆,NCP,S1.3,S1.3,BU2-BU3,BU2-BU3,主干,S1.3,BU2-BU3,BU2-BU3,9,中国上海崇明-美国俄勒冈,中国上海崇明,美国俄勒冈,中国上海崇明-美国俄勒冈
参建海缆,NCP,S1.3,S1.3,BU2-BU3,BU2-BU3,主干,S1.3,BU2-BU3,BU2-BU3,10,韩国釜山-中国台湾头城,韩国釜山,中国台湾头城,中国台湾头城-韩国釜山
参建海缆,NCP,S1.3,S1.3,BU2-BU3,BU2-BU3,主干,S1.3,BU2-BU3,BU2-BU3,11,韩国釜山-日本丸山,韩国釜山,日本丸山,日本丸山-韩国釜山
参建海缆,NCP,S1.3,S1.3,BU2-BU3,BU2-BU3,主干,S1.3,BU2-BU3,BU2-BU3,12,韩国釜山-美国俄勒冈,韩国釜山,美国俄勒冈,美国俄勒冈-韩国釜山
参建海缆,NCP,S1.4,S1.4,BU3-BU4,BU3-BU4,主干,S1.4,BU3-BU4,BU3-BU4,1,中国上海临港-美国俄勒冈,中国上海临港,美国俄勒冈,中国上海临港-美国俄勒冈
参建海缆,NCP,S1.4,S1.4,BU3-BU4,BU3-BU4,主干,S1.4,BU3-BU4,BU3-BU4,2,中国上海南汇-日本丸山,中国上海南汇,日本丸山,中国上海南汇-日本丸山
参建海缆,NCP,S1.4,S1.4,BU3-BU4,BU3-BU4,主干,S1.4,BU3-BU4,BU3-BU4,3,中国上海南汇-美国俄勒冈,中国上海南汇,美国俄勒冈,中国上海南汇-美国俄勒冈
参建海缆,NCP,S1.4,S1.4,BU3-BU4,BU3-BU4,主干,S1.4,BU3-BU4,BU3-BU4,4,中国台湾头城-日本丸山,中国台湾头城,日本丸山,中国台湾头城-日本丸山
参建海缆,NCP,S1.4,S1.4,BU3-BU4,BU3-BU4,主干,S1.4,BU3-BU4,BU3-BU4,5,中国台湾头城-美国俄勒冈,中国台湾头城,美国俄勒冈,中国台湾头城-美国俄勒冈
参建海缆,NCP,S1.4,S1.4,BU3-BU4,BU3-BU4,主干,S1.4,BU3-BU4,BU3-BU4,6,中国上海崇明-日本丸山,中国上海崇明,日本丸山,中国上海崇明-日本丸山
参建海缆,NCP,S1.4,S1.4,BU3-BU4,BU3-BU4,主干,S1.4,BU3-BU4,BU3-BU4,7,中国上海崇明-美国俄勒冈,中国上海崇明,美国俄勒冈,中国上海崇明-美国俄勒冈
参建海缆,NCP,S1.4,S1.4,BU3-BU4,BU3-BU4,主干,S1.4,BU3-BU4,BU3-BU4,8,韩国釜山-日本丸山,韩国釜山,日本丸山,日本丸山-韩国釜山
参建海缆,NCP,S1.4,S1.4,BU3-BU4,BU3-BU4,主干,S1.4,BU3-BU4,BU3-BU4,9,韩国釜山-美国俄勒冈,韩国釜山,美国俄勒冈,美国俄勒冈-韩国釜山
参建海缆,NCP,S1.5,S1.5,Oregon-BU4,美国俄勒冈-BU4,主干,S1.5,Oregon-BU4,美国俄勒冈-BU4,1,中国上海临港-美国俄勒冈,中国上海临港,美国俄勒冈,中国上海临港-美国俄勒冈
参建海缆,NCP,S1.5,S1.5,Oregon-BU4,美国俄勒冈-BU4,主干,S1.5,Oregon-BU4,美国俄勒冈-BU4,2,中国上海南汇-美国俄勒冈,中国上海南汇,美国俄勒冈,中国上海南汇-美国俄勒冈
参建海缆,NCP,S1.5,S1.5,Oregon-BU4,美国俄勒冈-BU4,主干,S1.5,Oregon-BU4,美国俄勒冈-BU4,3,中国台湾头城-美国俄勒冈,中国台湾头城,美国俄勒冈,中国台湾头城-美国俄勒冈
参建海缆,NCP,S1.5,S1.5,Oregon-BU4,美国俄勒冈-BU4,主干,S1.5,Oregon-BU4,美国俄勒冈-BU4,4,中国上海崇明-美国俄勒冈,中国上海崇明,美国俄勒冈,中国上海崇明-美国俄勒冈
参建海缆,NCP,S1.5,S1.5,Oregon-BU4,美国俄勒冈-BU4,主干,S1.5,Oregon-BU4,美国俄勒冈-BU4,5,日本丸山-美国俄勒冈,日本丸山,美国俄勒冈,日本丸山-美国俄勒冈
参建海缆,NCP,S1.5,S1.5,Oregon-BU4,美国俄勒冈-BU4,主干,S1.5,Oregon-BU4,美国俄勒冈-BU4,6,韩国釜山-美国俄勒冈,韩国釜山,美国俄勒冈,美国俄勒冈-韩国釜山
参建海缆,NCP,S2.1,S2.1,Chongming-LinGang,中国上海崇明-中国上海临港,主干,S2.1,Chongming-LinGang,中国上海崇明-中国上海临港,1,中国上海临港-中国台湾头城,中国上海临港,中国台湾头城,中国上海临港-中国台湾头城
参建海缆,NCP,S2.1,S2.1,Chongming-LinGang,中国上海崇明-中国上海临港,主干,S2.1,Chongming-LinGang,中国上海崇明-中国上海临港,2,中国上海临港-日本丸山,中国上海临港,日本丸山,中国上海临港-日本丸山
参建海缆,NCP,S2.1,S2.1,Chongming-LinGang,中国上海崇明-中国上海临港,主干,S2.1,Chongming-LinGang,中国上海崇明-中国上海临港,3,中国上海临港-韩国釜山,中国上海临港,韩国釜山,中国上海临港-韩国釜山
参建海缆,NCP,S2.2,S2.2,LinGang-Nanhui,中国上海临港-中国上海南汇,主干,S2.2,LinGang-Nanhui,中国上海临港-中国上海南汇,1,中国上海临港-中国台湾头城,中国上海临港,中国台湾头城,中国上海临港-中国台湾头城
参建海缆,NCP,S2.2,S2.2,LinGang-Nanhui,中国上海临港-中国上海南汇,主干,S2.2,LinGang-Nanhui,中国上海临港-中国上海南汇,2,中国上海临港-日本丸山,中国上海临港,日本丸山,中国上海临港-日本丸山
参建海缆,NCP,S2.2,S2.2,LinGang-Nanhui,中国上海临港-中国上海南汇,主干,S2.2,LinGang-Nanhui,中国上海临港-中国上海南汇,3,中国上海临港-美国俄勒冈,中国上海临港,美国俄勒冈,中国上海临港-美国俄勒冈
参建海缆,NCP,S2.2,S2.2,LinGang-Nanhui,中国上海临港-中国上海南汇,主干,S2.2,LinGang-Nanhui,中国上海临港-中国上海南汇,4,中国上海临港-韩国釜山,中国上海临港,韩国釜山,中国上海临港-韩国釜山
参建海缆,NCP,S3,S3,Nanhui-BU1,中国上海南汇-BU1,主干,S3,Nanhui-BU1,中国上海南汇-BU1,1,中国上海临港-中国台湾头城,中国上海临港,中国台湾头城,中国上海临港-中国台湾头城
参建海缆,NCP,S3,S3,Nanhui-BU1,中国上海南汇-BU1,主干,S3,Nanhui-BU1,中国上海南汇-BU1,2,中国上海临港-日本丸山,中国上海临港,日本丸山,中国上海临港-日本丸山
参建海缆,NCP,S3,S3,Nanhui-BU1,中国上海南汇-BU1,主干,S3,Nanhui-BU1,中国上海南汇-BU1,3,中国上海临港-美国俄勒冈,中国上海临港,美国俄勒冈,中国上海临港-美国俄勒冈
参建海缆,NCP,S3,S3,Nanhui-BU1,中国上海南汇-BU1,主干,S3,Nanhui-BU1,中国上海南汇-BU1,4,中国上海临港-韩国釜山,中国上海临港,韩国釜山,中国上海临港-韩国釜山
参建海缆,NCP,S3,S3,Nanhui-BU1,中国上海南汇-BU1,主干,S3,Nanhui-BU1,中国上海南汇-BU1,5,中国上海南汇-中国台湾头城,中国上海南汇,中国台湾头城,中国上海南汇-中国台湾头城
参建海缆,NCP,S3,S3,Nanhui-BU1,中国上海南汇-BU1,主干,S3,Nanhui-BU1,中国上海南汇-BU1,6,中国上海南汇-日本丸山,中国上海南汇,日本丸山,中国上海南汇-日本丸山
参建海缆,NCP,S3,S3,Nanhui-BU1,中国上海南汇-BU1,主干,S3,Nanhui-BU1,中国上海南汇-BU1,7,中国上海南汇-美国俄勒冈,中国上海南汇,美国俄勒冈,中国上海南汇-美国俄勒冈
参建海缆,NCP,S3,S3,Nanhui-BU1,中国上海南汇-BU1,主干,S3,Nanhui-BU1,中国上海南汇-BU1,8,中国上海南汇-韩国釜山,中国上海南汇,韩国釜山,中国上海南汇-韩国釜山
参建海缆,NCP,S4,S4,Busan-BU2,韩国釜山-BU2,主干,S4,Busan-BU2,韩国釜山-BU2,1,中国上海临港-韩国釜山,中国上海临港,韩国釜山,中国上海临港-韩国釜山
参建海缆,NCP,S4,S4,Busan-BU2,韩国釜山-BU2,主干,S4,Busan-BU2,韩国釜山-BU2,2,中国上海南汇-韩国釜山,中国上海南汇,韩国釜山,中国上海南汇-韩国釜山
参建海缆,NCP,S4,S4,Busan-BU2,韩国釜山-BU2,主干,S4,Busan-BU2,韩国釜山-BU2,3,中国上海崇明-韩国釜山,中国上海崇明,韩国釜山,中国上海崇明-韩国釜山
参建海缆,NCP,S4,S4,Busan-BU2,韩国釜山-BU2,主干,S4,Busan-BU2,韩国釜山-BU2,4,韩国釜山-中国台湾头城,韩国釜山,中国台湾头城,中国台湾头城-韩国釜山
参建海缆,NCP,S4,S4,Busan-BU2,韩国釜山-BU2,主干,S4,Busan-BU2,韩国釜山-BU2,5,韩国釜山-日本丸山,韩国釜山,日本丸山,日本丸山-韩国釜山
参建海缆,NCP,S4,S4,Busan-BU2,韩国釜山-BU2,主干,S4,Busan-BU2,韩国釜山-BU2,6,韩国釜山-美国俄勒冈,韩国釜山,美国俄勒冈,美国俄勒冈-韩国釜山
参建海缆,NCP,S5,S5,Toucheng-BU3,中国台湾头城-BU3,主干,S5,Toucheng-BU3,中国台湾头城-BU3,1,中国上海临港-中国台湾头城,中国上海临港,中国台湾头城,中国上海临港-中国台湾头城
参建海缆,NCP,S5,S5,Toucheng-BU3,中国台湾头城-BU3,主干,S5,Toucheng-BU3,中国台湾头城-BU3,2,中国上海南汇-中国台湾头城,中国上海南汇,中国台湾头城,中国上海南汇-中国台湾头城
参建海缆,NCP,S5,S5,Toucheng-BU3,中国台湾头城-BU3,主干,S5,Toucheng-BU3,中国台湾头城-BU3,3,中国台湾头城-日本丸山,中国台湾头城,日本丸山,中国台湾头城-日本丸山
参建海缆,NCP,S5,S5,Toucheng-BU3,中国台湾头城-BU3,主干,S5,Toucheng-BU3,中国台湾头城-BU3,4,中国台湾头城-美国俄勒冈,中国台湾头城,美国俄勒冈,中国台湾头城-美国俄勒冈
参建海缆,NCP,S5,S5,Toucheng-BU3,中国台湾头城-BU3,主干,S5,Toucheng-BU3,中国台湾头城-BU3,5,中国上海崇明-中国台湾头城,中国上海崇明,中国台湾头城,中国上海崇明-中国台湾头城
参建海缆,NCP,S5,S5,Toucheng-BU3,中国台湾头城-BU3,主干,S5,Toucheng-BU3,中国台湾头城-BU3,6,韩国釜山-中国台湾头城,韩国釜山,中国台湾头城,中国台湾头城-韩国釜山
参建海缆,NCP,S6,S6,Maruyama-BU4,日本丸山-BU4,主干,S6,Maruyama-BU4,日本丸山-BU4,1,中国上海临港-日本丸山,中国上海临港,日本丸山,中国上海临港-日本丸山
参建海缆,NCP,S6,S6,Maruyama-BU4,日本丸山-BU4,主干,S6,Maruyama-BU4,日本丸山-BU4,2,中国上海南汇-日本丸山,中国上海南汇,日本丸山,中国上海南汇-日本丸山
参建海缆,NCP,S6,S6,Maruyama-BU4,日本丸山-BU4,主干,S6,Maruyama-BU4,日本丸山-BU4,3,中国台湾头城-日本丸山,中国台湾头城,日本丸山,中国台湾头城-日本丸山
参建海缆,NCP,S6,S6,Maruyama-BU4,日本丸山-BU4,主干,S6,Maruyama-BU4,日本丸山-BU4,4,中国上海崇明-日本丸山,中国上海崇明,日本丸山,中国上海崇明-日本丸山
参建海缆,NCP,S6,S6,Maruyama-BU4,日本丸山-BU4,主干,S6,Maruyama-BU4,日本丸山-BU4,5,日本丸山-美国俄勒冈,日本丸山,美国俄勒冈,日本丸山-美国俄勒冈
参建海缆,NCP,S6,S6,Maruyama-BU4,日本丸山-BU4,主干,S6,Maruyama-BU4,日本丸山-BU4,6,韩国釜山-日本丸山,韩国釜山,日本丸山,日本丸山-韩国釜山
参建海缆,NCP,S7,S7,Oregon-Hillsboro,美国俄勒冈-美国希尔斯伯勒,主干,S7,Oregon-Hillsboro,美国俄勒冈-美国希尔斯伯勒,1,日本丸山-美国俄勒冈,日本丸山,美国俄勒冈,日本丸山-美国俄勒冈
参建海缆,NCP,S8,S8,Oregon-Hillsboro,美国俄勒冈-美国希尔斯伯勒,主干,S8,Oregon-Hillsboro,美国俄勒冈-美国希尔斯伯勒,1,日本丸山-美国俄勒冈,日本丸山,美国俄勒冈,日本丸山-美国俄勒冈
参建海缆,SMW5,S1.1,S1.1,Tuas-BU1A,新加坡图阿斯-BU1A,主干,S1A,Tuas-Matara,新加坡图阿斯-斯里兰卡马特勒,1,新加坡图阿斯-印尼杜迈,新加坡图阿斯,印尼杜迈,印尼杜迈-新加坡图阿斯
参建海缆,SMW5,S1.1,S1.1,Tuas-BU1A,新加坡图阿斯-BU1A,主干,S1A,Tuas-Matara,新加坡图阿斯-斯里兰卡马特勒,2,新加坡图阿斯-孟加拉库卡塔,新加坡图阿斯,孟加拉库卡塔,孟加拉库卡塔-新加坡图阿斯
参建海缆,SMW5,S1.1,S1.1,Tuas-BU1A,新加坡图阿斯-BU1A,主干,S1A,Tuas-Matara,新加坡图阿斯-斯里兰卡马特勒,3,新加坡图阿斯-斯里兰卡马特勒,新加坡图阿斯,斯里兰卡马特勒,斯里兰卡马特勒-新加坡图阿斯
参建海缆,SMW5,S1.1,S1.1,Tuas-BU1A,新加坡图阿斯-BU1A,主干,S1A,Tuas-Matara,新加坡图阿斯-斯里兰卡马特勒,4,新加坡图阿斯-缅甸勃生,新加坡图阿斯,缅甸勃生,新加坡图阿斯-缅甸勃生
参建海缆,SMW5,S1.1,S1.1,Tuas-BU1A,新加坡图阿斯-BU1A,主干,S1A,Tuas-Matara,新加坡图阿斯-斯里兰卡马特勒,5,新加坡图阿斯-马来西亚马六甲,新加坡图阿斯,马来西亚马六甲,新加坡图阿斯-马来西亚马六甲
参建海缆,SMW5,S1.11,S1.11,Matara-BU1F,斯里兰卡马特勒-BU1F,主干,S1B,Matara-Yanbu,斯里兰卡马特勒-沙特盐步,1,吉布提-斯里兰卡马特勒,吉布提,斯里兰卡马特勒,吉布提-斯里兰卡马特勒
参建海缆,SMW5,S1.11,S1.11,Matara-BU1F,斯里兰卡马特勒-BU1F,主干,S1B,Matara-Yanbu,斯里兰卡马特勒-沙特盐步,2,巴基斯坦卡拉奇-斯里兰卡马特勒,巴基斯坦卡拉奇,斯里兰卡马特勒,巴基斯坦卡拉奇-斯里兰卡马特勒
参建海缆,SMW5,S1.11,S1.11,Matara-BU1F,斯里兰卡马特勒-BU1F,主干,S1B,Matara-Yanbu,斯里兰卡马特勒-沙特盐步,3,斯里兰卡马特勒-也门荷台达,斯里兰卡马特勒,也门荷台达,也门荷台达-斯里兰卡马特勒
参建海缆,SMW5,S1.11,S1.11,Matara-BU1F,斯里兰卡马特勒-BU1F,主干,S1B,Matara-Yanbu,斯里兰卡马特勒-沙特盐步,4,斯里兰卡马特勒-印度孟买,斯里兰卡马特勒,印度孟买,印度孟买-斯里兰卡马特勒
参建海缆,SMW5,S1.11,S1.11,Matara-BU1F,斯里兰卡马特勒-BU1F,主干,S1B,Matara-Yanbu,斯里兰卡马特勒-沙特盐步,5,沙特盐步-斯里兰卡马特勒,沙特盐步,斯里兰卡马特勒,斯里兰卡马特勒-沙特盐步
参建海缆,SMW5,S1.11,S1.11,Matara-BU1F,斯里兰卡马特勒-BU1F,主干,S1B,Matara-Yanbu,斯里兰卡马特勒-沙特盐步,6,阿曼哈特-斯里兰卡马特勒,阿曼哈特,斯里兰卡马特勒,斯里兰卡马特勒-阿曼哈特
参建海缆,SMW5,S1.11,S1.11,Matara-BU1F,斯里兰卡马特勒-BU1F,主干,S1B,Matara-Yanbu,斯里兰卡马特勒-沙特盐步,7,阿联酋卡尔巴-斯里兰卡马特勒,阿联酋卡尔巴,斯里兰卡马特勒,斯里兰卡马特勒-阿联酋卡尔巴
参建海缆,SMW5,S1.13,S1.13,BU1F-BU1G,BU1F-BU1G,主干,S1B,Matara-Yanbu,斯里兰卡马特勒-沙特盐步,1,印度孟买-沙特盐步,印度孟买,沙特盐步,印度孟买-沙特盐步
参建海缆,SMW5,S1.13,S1.13,BU1F-BU1G,BU1F-BU1G,主干,S1B,Matara-Yanbu,斯里兰卡马特勒-沙特盐步,2,吉布提-斯里兰卡马特勒,吉布提,斯里兰卡马特勒,吉布提-斯里兰卡马特勒
参建海缆,SMW5,S1.13,S1.13,BU1F-BU1G,BU1F-BU1G,主干,S1B,Matara-Yanbu,斯里兰卡马特勒-沙特盐步,3,巴基斯坦卡拉奇-斯里兰卡马特勒,巴基斯坦卡拉奇,斯里兰卡马特勒,巴基斯坦卡拉奇-斯里兰卡马特勒
参建海缆,SMW5,S1.13,S1.13,BU1F-BU1G,BU1F-BU1G,主干,S1B,Matara-Yanbu,斯里兰卡马特勒-沙特盐步,4,斯里兰卡马特勒-也门荷台达,斯里兰卡马特勒,也门荷台达,也门荷台达-斯里兰卡马特勒
参建海缆,SMW5,S1.13,S1.13,BU1F-BU1G,BU1F-BU1G,主干,S1B,Matara-Yanbu,斯里兰卡马特勒-沙特盐步,5,沙特盐步-斯里兰卡马特勒,沙特盐步,斯里兰卡马特勒,斯里兰卡马特勒-沙特盐步
参建海缆,SMW5,S1.13,S1.13,BU1F-BU1G,BU1F-BU1G,主干,S1B,Matara-Yanbu,斯里兰卡马特勒-沙特盐步,6,阿曼哈特-斯里兰卡马特勒,阿曼哈特,斯里兰卡马特勒,斯里兰卡马特勒-阿曼哈特
参建海缆,SMW5,S1.13,S1.13,BU1F-BU1G,BU1F-BU1G,主干,S1B,Matara-Yanbu,斯里兰卡马特勒-沙特盐步,7,阿联酋卡尔巴-斯里兰卡马特勒,阿联酋卡尔巴,斯里兰卡马特勒,斯里兰卡马特勒-阿联酋卡尔巴
参建海缆,SMW5,S1.14,S1.14,BU1G-BU1G1,BU1G-BU1G1,分支,,,,1,巴基斯坦卡拉奇-斯里兰卡马特勒,巴基斯坦卡拉奇,斯里兰卡马特勒,巴基斯坦卡拉奇-斯里兰卡马特勒
参建海缆,SMW5,S1.14,S1.14,BU1G-BU1G1,BU1G-BU1G1,分支,,,,2,沙特盐步-巴基斯坦卡拉奇,沙特盐步,巴基斯坦卡拉奇,巴基斯坦卡拉奇-沙特盐步
参建海缆,SMW5,S1.14,S1.14,BU1G-BU1G1,BU1G-BU1G1,分支,,,,3,沙特盐步-阿曼哈特,沙特盐步,阿曼哈特,沙特盐步-阿曼哈特
参建海缆,SMW5,S1.14,S1.14,BU1G-BU1G1,BU1G-BU1G1,分支,,,,4,阿曼哈特-斯里兰卡马特勒,阿曼哈特,斯里兰卡马特勒,斯里兰卡马特勒-阿曼哈特
参建海缆,SMW5,S1.14,S1.14,BU1G-BU1G1,BU1G-BU1G1,分支,,,,5,阿联酋卡尔巴-斯里兰卡马特勒,阿联酋卡尔巴,斯里兰卡马特勒,斯里兰卡马特勒-阿联酋卡尔巴
参建海缆,SMW5,S1.14-1,S1.14-1,Karachi-BU1G1,巴基斯坦卡拉奇-BU1G1,分支,,,,1,巴基斯坦卡拉奇-斯里兰卡马特勒,巴基斯坦卡拉奇,斯里兰卡马特勒,巴基斯坦卡拉奇-斯里兰卡马特勒
参建海缆,SMW5,S1.14-1,S1.14-1,Karachi-BU1G1,巴基斯坦卡拉奇-BU1G1,分支,,,,2,沙特盐步-巴基斯坦卡拉奇,沙特盐步,巴基斯坦卡拉奇,巴基斯坦卡拉奇-沙特盐步
参建海缆,SMW5,S1.14-2,S1.14-2,BU1G1-BU1G2,BU1G1-BU1G2,分支,,,,1,沙特盐步-阿曼哈特,沙特盐步,阿曼哈特,沙特盐步-阿曼哈特
参建海缆,SMW5,S1.14-2,S1.14-2,BU1G1-BU1G2,BU1G1-BU1G2,分支,,,,2,阿曼哈特-斯里兰卡马特勒,阿曼哈特,斯里兰卡马特勒,斯里兰卡马特勒-阿曼哈特
参建海缆,SMW5,S1.14-2,S1.14-2,BU1G1-BU1G2,BU1G1-BU1G2,分支,,,,3,阿联酋卡尔巴-斯里兰卡马特勒,阿联酋卡尔巴,斯里兰卡马特勒,斯里兰卡马特勒-阿联酋卡尔巴
参建海缆,SMW5,S1.14-2,S1.14-2,BU1G1-BU1G2,BU1G1-BU1G2,分支,,,,4,阿联酋卡尔巴-沙特盐步,阿联酋卡尔巴,沙特盐步,沙特盐步-阿联酋卡尔巴
参建海缆,SMW5,S1.14-2-1,S1.14-2-1,Qalhat-BU1G2,阿曼哈特-BU1G2,分支,,,,1,沙特盐步-阿曼哈特,沙特盐步,阿曼哈特,沙特盐步-阿曼哈特
参建海缆,SMW5,S1.14-2-1,S1.14-2-1,Qalhat-BU1G2,阿曼哈特-BU1G2,分支,,,,2,阿曼哈特-斯里兰卡马特勒,阿曼哈特,斯里兰卡马特勒,斯里兰卡马特勒-阿曼哈特
参建海缆,SMW5,S1.14-2-2,S1.14-2-2,Kalba-BU1G2,阿联酋卡尔巴-BU1G2,分支,,,,1,阿联酋卡尔巴-斯里兰卡马特勒,阿联酋卡尔巴,斯里兰卡马特勒,斯里兰卡马特勒-阿联酋卡尔巴
参建海缆,SMW5,S1.14-2-2,S1.14-2-2,Kalba-BU1G2,阿联酋卡尔巴-BU1G2,分支,,,,2,阿联酋卡尔巴-沙特盐步,阿联酋卡尔巴,沙特盐步,沙特盐步-阿联酋卡尔巴
参建海缆,SMW5,S1.15,S1.15,BU1G-BU1H,BU1G-BU1H,主干,S1B,Matara-Yanbu,斯里兰卡马特勒-沙特盐步,1,印度孟买-沙特盐步,印度孟买,沙特盐步,印度孟买-沙特盐步
参建海缆,SMW5,S1.15,S1.15,BU1G-BU1H,BU1G-BU1H,主干,S1B,Matara-Yanbu,斯里兰卡马特勒-沙特盐步,2,吉布提-斯里兰卡马特勒,吉布提,斯里兰卡马特勒,吉布提-斯里兰卡马特勒
参建海缆,SMW5,S1.15,S1.15,BU1G-BU1H,BU1G-BU1H,主干,S1B,Matara-Yanbu,斯里兰卡马特勒-沙特盐步,3,斯里兰卡马特勒-也门荷台达,斯里兰卡马特勒,也门荷台达,也门荷台达-斯里兰卡马特勒
参建海缆,SMW5,S1.15,S1.15,BU1G-BU1H,BU1G-BU1H,主干,S1B,Matara-Yanbu,斯里兰卡马特勒-沙特盐步,4,沙特盐步-巴基斯坦卡拉奇,沙特盐步,巴基斯坦卡拉奇,巴基斯坦卡拉奇-沙特盐步
参建海缆,SMW5,S1.15,S1.15,BU1G-BU1H,BU1G-BU1H,主干,S1B,Matara-Yanbu,斯里兰卡马特勒-沙特盐步,5,沙特盐步-斯里兰卡马特勒,沙特盐步,斯里兰卡马特勒,斯里兰卡马特勒-沙特盐步
参建海缆,SMW5,S1.15,S1.15,BU1G-BU1H,BU1G-BU1H,主干,S1B,Matara-Yanbu,斯里兰卡马特勒-沙特盐步,6,沙特盐步-阿曼哈特,沙特盐步,阿曼哈特,沙特盐步-阿曼哈特
参建海缆,SMW5,S1.15,S1.15,BU1G-BU1H,BU1G-BU1H,主干,S1B,Matara-Yanbu,斯里兰卡马特勒-沙特盐步,7,阿联酋卡尔巴-沙特盐步,阿联酋卡尔巴,沙特盐步,沙特盐步-阿联酋卡尔巴
参建海缆,SMW5,S1.16,S1.16,Djibouti-BU1H,吉布提-BU1H,分支,,,,1,吉布提-斯里兰卡马特勒,吉布提,斯里兰卡马特勒,吉布提-斯里兰卡马特勒
参建海缆,SMW5,S1.16,S1.16,Djibouti-BU1H,吉布提-BU1H,分支,,,,2,沙特盐步-吉布提,沙特盐步,吉布提,吉布提-沙特盐步
参建海缆,SMW5,S1.17,S1.17,BU1H-BU1I,BU1H-BU1I,主干,S1B,Matara-Yanbu,斯里兰卡马特勒-沙特盐步,1,印度孟买-沙特盐步,印度孟买,沙特盐步,印度孟买-沙特盐步
参建海缆,SMW5,S1.17,S1.17,BU1H-BU1I,BU1H-BU1I,主干,S1B,Matara-Yanbu,斯里兰卡马特勒-沙特盐步,2,斯里兰卡马特勒-也门荷台达,斯里兰卡马特勒,也门荷台达,也门荷台达-斯里兰卡马特勒
参建海缆,SMW5,S1.17,S1.17,BU1H-BU1I,BU1H-BU1I,主干,S1B,Matara-Yanbu,斯里兰卡马特勒-沙特盐步,3,沙特盐步-吉布提,沙特盐步,吉布提,吉布提-沙特盐步
参建海缆,SMW5,S1.17,S1.17,BU1H-BU1I,BU1H-BU1I,主干,S1B,Matara-Yanbu,斯里兰卡马特勒-沙特盐步,4,沙特盐步-巴基斯坦卡拉奇,沙特盐步,巴基斯坦卡拉奇,巴基斯坦卡拉奇-沙特盐步
参建海缆,SMW5,S1.17,S1.17,BU1H-BU1I,BU1H-BU1I,主干,S1B,Matara-Yanbu,斯里兰卡马特勒-沙特盐步,5,沙特盐步-斯里兰卡马特勒,沙特盐步,斯里兰卡马特勒,斯里兰卡马特勒-沙特盐步
参建海缆,SMW5,S1.17,S1.17,BU1H-BU1I,BU1H-BU1I,主干,S1B,Matara-Yanbu,斯里兰卡马特勒-沙特盐步,6,沙特盐步-阿曼哈特,沙特盐步,阿曼哈特,沙特盐步-阿曼哈特
参建海缆,SMW5,S1.17,S1.17,BU1H-BU1I,BU1H-BU1I,主干,S1B,Matara-Yanbu,斯里兰卡马特勒-沙特盐步,7,阿联酋卡尔巴-沙特盐步,阿联酋卡尔巴,沙特盐步,沙特盐步-阿联酋卡尔巴
参建海缆,SMW5,S1.18,S1.18,Hodeidah-BU1I,也门荷台达-BU1I,分支,,,,1,也门荷台达-沙特盐步,也门荷台达,沙特盐步,也门荷台达-沙特盐步
参建海缆,SMW5,S1.18,S1.18,Hodeidah-BU1I,也门荷台达-BU1I,分支,,,,2,斯里兰卡马特勒-也门荷台达,斯里兰卡马特勒,也门荷台达,也门荷台达-斯里兰卡马特勒
参建海缆,SMW5,S1.19,S1.19,Yanbu-BU1I,沙特盐步-BU1I,主干,S1B,Matara-Yanbu,斯里兰卡马特勒-沙特盐步,1,也门荷台达-沙特盐步,也门荷台达,沙特盐步,也门荷台达-沙特盐步
参建海缆,SMW5,S1.19,S1.19,Yanbu-BU1I,沙特盐步-BU1I,主干,S1B,Matara-Yanbu,斯里兰卡马特勒-沙特盐步,2,印度孟买-沙特盐步,印度孟买,沙特盐步,印度孟买-沙特盐步
参建海缆,SMW5,S1.19,S1.19,Yanbu-BU1I,沙特盐步-BU1I,主干,S1B,Matara-Yanbu,斯里兰卡马特勒-沙特盐步,3,沙特盐步-吉布提,沙特盐步,吉布提,吉布提-沙特盐步
参建海缆,SMW5,S1.19,S1.19,Yanbu-BU1I,沙特盐步-BU1I,主干,S1B,Matara-Yanbu,斯里兰卡马特勒-沙特盐步,4,沙特盐步-巴基斯坦卡拉奇,沙特盐步,巴基斯坦卡拉奇,巴基斯坦卡拉奇-沙特盐步
参建海缆,SMW5,S1.19,S1.19,Yanbu-BU1I,沙特盐步-BU1I,主干,S1B,Matara-Yanbu,斯里兰卡马特勒-沙特盐步,5,沙特盐步-斯里兰卡马特勒,沙特盐步,斯里兰卡马特勒,斯里兰卡马特勒-沙特盐步
参建海缆,SMW5,S1.19,S1.19,Yanbu-BU1I,沙特盐步-BU1I,主干,S1B,Matara-Yanbu,斯里兰卡马特勒-沙特盐步,6,沙特盐步-阿曼哈特,沙特盐步,阿曼哈特,沙特盐步-阿曼哈特
参建海缆,SMW5,S1.19,S1.19,Yanbu-BU1I,沙特盐步-BU1I,主干,S1B,Matara-Yanbu,斯里兰卡马特勒-沙特盐步,7,阿联酋卡尔巴-沙特盐步,阿联酋卡尔巴,沙特盐步,沙特盐步-阿联酋卡尔巴
参建海缆,SMW5,S1.2,S1.2,Meleka-BU1A,马来西亚马六甲-BU1A,分支,,,,1,新加坡图阿斯-马来西亚马六甲,新加坡图阿斯,马来西亚马六甲,新加坡图阿斯-马来西亚马六甲
参建海缆,SMW5,S1.2,S1.2,Meleka-BU1A,马来西亚马六甲-BU1A,分支,,,,2,马来西亚马六甲-斯里兰卡马特勒,马来西亚马六甲,斯里兰卡马特勒,斯里兰卡马特勒-马来西亚马六甲
参建海缆,SMW5,S1.3,S1.3,BU1A-BU1B1,BU1A-BU1B1,主干,S1A,Tuas-Matara,新加坡图阿斯-斯里兰卡马特勒,1,新加坡图阿斯-印尼杜迈,新加坡图阿斯,印尼杜迈,印尼杜迈-新加坡图阿斯
参建海缆,SMW5,S1.3,S1.3,BU1A-BU1B1,BU1A-BU1B1,主干,S1A,Tuas-Matara,新加坡图阿斯-斯里兰卡马特勒,2,新加坡图阿斯-孟加拉库卡塔,新加坡图阿斯,孟加拉库卡塔,孟加拉库卡塔-新加坡图阿斯
参建海缆,SMW5,S1.3,S1.3,BU1A-BU1B1,BU1A-BU1B1,主干,S1A,Tuas-Matara,新加坡图阿斯-斯里兰卡马特勒,3,新加坡图阿斯-斯里兰卡马特勒,新加坡图阿斯,斯里兰卡马特勒,斯里兰卡马特勒-新加坡图阿斯
参建海缆,SMW5,S1.3,S1.3,BU1A-BU1B1,BU1A-BU1B1,主干,S1A,Tuas-Matara,新加坡图阿斯-斯里兰卡马特勒,4,新加坡图阿斯-缅甸勃生,新加坡图阿斯,缅甸勃生,新加坡图阿斯-缅甸勃生
参建海缆,SMW5,S1.3,S1.3,BU1A-BU1B1,BU1A-BU1B1,主干,S1A,Tuas-Matara,新加坡图阿斯-斯里兰卡马特勒,5,马来西亚马六甲-斯里兰卡马特勒,马来西亚马六甲,斯里兰卡马特勒,斯里兰卡马特勒-马来西亚马六甲
参建海缆,SMW5,S1.4-1,S1.4-1,Dumai-BU1B1,印度尼西亚杜迈-BU1B1,分支,,,,1,印度尼西亚杜迈-印度尼西亚棉兰,印度尼西亚杜迈,印度尼西亚棉兰,印度尼西亚杜迈-印度尼西亚棉兰
参建海缆,SMW5,S1.4-1,S1.4-1,Dumai-BU1B1,印度尼西亚杜迈-BU1B1,分支,,,,2,印度尼西亚杜迈-斯里兰卡马特勒,印度尼西亚杜迈,斯里兰卡马特勒,印度尼西亚杜迈-斯里兰卡马特勒
参建海缆,SMW5,S1.4-1,S1.4-1,Dumai-BU1B1,印度尼西亚杜迈-BU1B1,分支,,,,3,新加坡图阿斯-印尼杜迈,新加坡图阿斯,印尼杜迈,印尼杜迈-新加坡图阿斯
参建海缆,SMW5,S1.4-2,S1.4-2,Medan-BU1B2,印度尼西亚棉兰-BU1B2,分支,,,,1,印度尼西亚杜迈-印度尼西亚棉兰,印度尼西亚杜迈,印度尼西亚棉兰,印度尼西亚杜迈-印度尼西亚棉兰
参建海缆,SMW5,S1.5-1,S1.5-1,BU1B1-BU1B2,BU1B1-BU1B2,主干,S1A,Tuas-Matara,新加坡图阿斯-斯里兰卡马特勒,1,印度尼西亚杜迈-斯里兰卡马特勒,印度尼西亚杜迈,斯里兰卡马特勒,印度尼西亚杜迈-斯里兰卡马特勒
参建海缆,SMW5,S1.5-1,S1.5-1,BU1B1-BU1B2,BU1B1-BU1B2,主干,S1A,Tuas-Matara,新加坡图阿斯-斯里兰卡马特勒,2,新加坡图阿斯-孟加拉库卡塔,新加坡图阿斯,孟加拉库卡塔,孟加拉库卡塔-新加坡图阿斯
参建海缆,SMW5,S1.5-1,S1.5-1,BU1B1-BU1B2,BU1B1-BU1B2,主干,S1A,Tuas-Matara,新加坡图阿斯-斯里兰卡马特勒,3,新加坡图阿斯-斯里兰卡马特勒,新加坡图阿斯,斯里兰卡马特勒,斯里兰卡马特勒-新加坡图阿斯
参建海缆,SMW5,S1.5-1,S1.5-1,BU1B1-BU1B2,BU1B1-BU1B2,主干,S1A,Tuas-Matara,新加坡图阿斯-斯里兰卡马特勒,4,新加坡图阿斯-缅甸勃生,新加坡图阿斯,缅甸勃生,新加坡图阿斯-缅甸勃生
参建海缆,SMW5,S1.5-1,S1.5-1,BU1B1-BU1B2,BU1B1-BU1B2,主干,S1A,Tuas-Matara,新加坡图阿斯-斯里兰卡马特勒,5,马来西亚马六甲-斯里兰卡马特勒,马来西亚马六甲,斯里兰卡马特勒,斯里兰卡马特勒-马来西亚马六甲
参建海缆,SMW5,S1.5-2,S1.5-2,BU1B2-BU1C,BU1B2-BU1C,主干,S1A,Tuas-Matara,新加坡图阿斯-斯里兰卡马特勒,1,印度尼西亚杜迈-斯里兰卡马特勒,印度尼西亚杜迈,斯里兰卡马特勒,印度尼西亚杜迈-斯里兰卡马特勒
参建海缆,SMW5,S1.5-2,S1.5-2,BU1B2-BU1C,BU1B2-BU1C,主干,S1A,Tuas-Matara,新加坡图阿斯-斯里兰卡马特勒,2,新加坡图阿斯-孟加拉库卡塔,新加坡图阿斯,孟加拉库卡塔,孟加拉库卡塔-新加坡图阿斯
参建海缆,SMW5,S1.5-2,S1.5-2,BU1B2-BU1C,BU1B2-BU1C,主干,S1A,Tuas-Matara,新加坡图阿斯-斯里兰卡马特勒,3,新加坡图阿斯-斯里兰卡马特勒,新加坡图阿斯,斯里兰卡马特勒,斯里兰卡马特勒-新加坡图阿斯
参建海缆,SMW5,S1.5-2,S1.5-2,BU1B2-BU1C,BU1B2-BU1C,主干,S1A,Tuas-Matara,新加坡图阿斯-斯里兰卡马特勒,4,新加坡图阿斯-缅甸勃生,新加坡图阿斯,缅甸勃生,新加坡图阿斯-缅甸勃生
参建海缆,SMW5,S1.5-2,S1.5-2,BU1B2-BU1C,BU1B2-BU1C,主干,S1A,Tuas-Matara,新加坡图阿斯-斯里兰卡马特勒,5,马来西亚马六甲-斯里兰卡马特勒,马来西亚马六甲,斯里兰卡马特勒,斯里兰卡马特勒-马来西亚马六甲
参建海缆,SMW5,S1.7,S1.7,BU1C-BU1D,BU1C-BU1D,主干,S1A,Tuas-Matara,新加坡图阿斯-斯里兰卡马特勒,1,印度尼西亚杜迈-斯里兰卡马特勒,印度尼西亚杜迈,斯里兰卡马特勒,印度尼西亚杜迈-斯里兰卡马特勒
参建海缆,SMW5,S1.7,S1.7,BU1C-BU1D,BU1C-BU1D,主干,S1A,Tuas-Matara,新加坡图阿斯-斯里兰卡马特勒,2,新加坡图阿斯-孟加拉库卡塔,新加坡图阿斯,孟加拉库卡塔,孟加拉库卡塔-新加坡图阿斯
参建海缆,SMW5,S1.7,S1.7,BU1C-BU1D,BU1C-BU1D,主干,S1A,Tuas-Matara,新加坡图阿斯-斯里兰卡马特勒,3,新加坡图阿斯-斯里兰卡马特勒,新加坡图阿斯,斯里兰卡马特勒,斯里兰卡马特勒-新加坡图阿斯
参建海缆,SMW5,S1.7,S1.7,BU1C-BU1D,BU1C-BU1D,主干,S1A,Tuas-Matara,新加坡图阿斯-斯里兰卡马特勒,4,新加坡图阿斯-缅甸勃生,新加坡图阿斯,缅甸勃生,新加坡图阿斯-缅甸勃生
参建海缆,SMW5,S1.7,S1.7,BU1C-BU1D,BU1C-BU1D,主干,S1A,Tuas-Matara,新加坡图阿斯-斯里兰卡马特勒,5,马来西亚马六甲-斯里兰卡马特勒,马来西亚马六甲,斯里兰卡马特勒,斯里兰卡马特勒-马来西亚马六甲
参建海缆,SMW5,S1.8,S1.8,BU1D-BU1D1,BU1D-BU1D1,分支,,,,1,孟加拉库卡塔-斯里兰卡马特勒,孟加拉库卡塔,斯里兰卡马特勒,孟加拉库卡塔-斯里兰卡马特勒
参建海缆,SMW5,S1.8,S1.8,BU1D-BU1D1,BU1D-BU1D1,分支,,,,2,新加坡图阿斯-孟加拉库卡塔,新加坡图阿斯,孟加拉库卡塔,孟加拉库卡塔-新加坡图阿斯
参建海缆,SMW5,S1.8,S1.8,BU1D-BU1D1,BU1D-BU1D1,分支,,,,3,新加坡图阿斯-缅甸勃生,新加坡图阿斯,缅甸勃生,新加坡图阿斯-缅甸勃生
参建海缆,SMW5,S1.8,S1.8,BU1D-BU1D1,BU1D-BU1D1,分支,,,,4,缅甸勃生-斯里兰卡马特勒,缅甸勃生,斯里兰卡马特勒,斯里兰卡马特勒-缅甸勃生
参建海缆,SMW5,S1.8.1,S1.8.1,Pathein-BU1D1,缅甸勃生-BU1D1,分支,,,,1,孟加拉库卡塔-斯里兰卡马特勒,孟加拉库卡塔,斯里兰卡马特勒,孟加拉库卡塔-斯里兰卡马特勒
参建海缆,SMW5,S1.8.1,S1.8.1,Pathein-BU1D1,缅甸勃生-BU1D1,分支,,,,2,新加坡图阿斯-孟加拉库卡塔,新加坡图阿斯,孟加拉库卡塔,孟加拉库卡塔-新加坡图阿斯
参建海缆,SMW5,S1.8.1,S1.8.1,Pathein-BU1D1,缅甸勃生-BU1D1,分支,,,,3,新加坡图阿斯-缅甸勃生,新加坡图阿斯,缅甸勃生,新加坡图阿斯-缅甸勃生
参建海缆,SMW5,S1.8.1,S1.8.1,Pathein-BU1D1,缅甸勃生-BU1D1,分支,,,,4,缅甸勃生-斯里兰卡马特勒,缅甸勃生,斯里兰卡马特勒,斯里兰卡马特勒-缅甸勃生
参建海缆,SMW5,S1.8.2,S1.8.2,Kuakata-BU1D1,孟加拉库卡塔-BU1D1,分支,,,,1,孟加拉库卡塔-斯里兰卡马特勒,孟加拉库卡塔,斯里兰卡马特勒,孟加拉库卡塔-斯里兰卡马特勒
参建海缆,SMW5,S1.8.2,S1.8.2,Kuakata-BU1D1,孟加拉库卡塔-BU1D1,分支,,,,2,新加坡图阿斯-孟加拉库卡塔,新加坡图阿斯,孟加拉库卡塔,孟加拉库卡塔-新加坡图阿斯
参建海缆,SMW5,S1.8.2,S1.8.2,Kuakata-BU1D1,孟加拉库卡塔-BU1D1,分支,,,,3,新加坡图阿斯-缅甸勃生,新加坡图阿斯,缅甸勃生,新加坡图阿斯-缅甸勃生
参建海缆,SMW5,S1.8.2,S1.8.2,Kuakata-BU1D1,孟加拉库卡塔-BU1D1,分支,,,,4,缅甸勃生-斯里兰卡马特勒,缅甸勃生,斯里兰卡马特勒,斯里兰卡马特勒-缅甸勃生
参建海缆,SMW5,S1.9,S1.9,Matara-BU1D,斯里兰卡马特勒-BU1D,主干,S1A,Tuas-Matara,新加坡图阿斯-斯里兰卡马特勒,1,印度尼西亚杜迈-斯里兰卡马特勒,印度尼西亚杜迈,斯里兰卡马特勒,印度尼西亚杜迈-斯里兰卡马特勒
参建海缆,SMW5,S1.9,S1.9,Matara-BU1D,斯里兰卡马特勒-BU1D,主干,S1A,Tuas-Matara,新加坡图阿斯-斯里兰卡马特勒,2,孟加拉库卡塔-斯里兰卡马特勒,孟加拉库卡塔,斯里兰卡马特勒,孟加拉库卡塔-斯里兰卡马特勒
参建海缆,SMW5,S1.9,S1.9,Matara-BU1D,斯里兰卡马特勒-BU1D,主干,S1A,Tuas-Matara,新加坡图阿斯-斯里兰卡马特勒,3,新加坡图阿斯-斯里兰卡马特勒,新加坡图阿斯,斯里兰卡马特勒,斯里兰卡马特勒-新加坡图阿斯
参建海缆,SMW5,S1.9,S1.9,Matara-BU1D,斯里兰卡马特勒-BU1D,主干,S1A,Tuas-Matara,新加坡图阿斯-斯里兰卡马特勒,4,缅甸勃生-斯里兰卡马特勒,缅甸勃生,斯里兰卡马特勒,斯里兰卡马特勒-缅甸勃生
参建海缆,SMW5,S1.9,S1.9,Matara-BU1D,斯里兰卡马特勒-BU1D,主干,S1A,Tuas-Matara,新加坡图阿斯-斯里兰卡马特勒,5,马来西亚马六甲-斯里兰卡马特勒,马来西亚马六甲,斯里兰卡马特勒,斯里兰卡马特勒-马来西亚马六甲
参建海缆,SMW5,S2,S2,Yanbu-Zafarana,沙特盐步-埃及扎法拉纳,主干,S2,Yanbu-Zafarana,沙特盐步-埃及扎法拉纳,1,沙特盐步-埃及扎法拉纳,沙特盐步,埃及扎法拉纳,埃及扎法拉纳-沙特盐步
参建海缆,SMW5,S3-R1,S3-R1,Zafarana-Abu Talat,埃及扎法拉纳-埃及阿布塔拉特,主干,S3,Zafarana-Abu Talat,埃及扎法拉纳-埃及阿布塔拉特,1,埃及阿布塔拉特-埃及扎法拉纳,埃及阿布塔拉特,埃及扎法拉纳,埃及扎法拉纳-埃及阿布塔拉特
参建海缆,SMW5,S3-R2,S3-R2,Zafarana-Abu Talat,埃及扎法拉纳-埃及阿布塔拉特,主干,S3,Zafarana-Abu Talat,埃及扎法拉纳-埃及阿布塔拉特,1,埃及阿布塔拉特-埃及扎法拉纳,埃及阿布塔拉特,埃及扎法拉纳,埃及扎法拉纳-埃及阿布塔拉特
参建海缆,SMW5,S4.1-1,S4.1-1,Abu Talat-BU4A1,埃及阿布塔拉特-BU4A1,主干,S4,Abu Talat-Marseille,埃及阿布塔拉特-法国马赛,1,土耳其马尔马里斯-埃及阿布塔拉特,土耳其马尔马里斯,埃及阿布塔拉特,土耳其马尔马里斯-埃及阿布塔拉特
参建海缆,SMW5,S4.1-1,S4.1-1,Abu Talat-BU4A1,埃及阿布塔拉特-BU4A1,主干,S4,Abu Talat-Marseille,埃及阿布塔拉特-法国马赛,2,意大利卡塔尼亚-埃及阿布塔拉特,意大利卡塔尼亚,埃及阿布塔拉特,埃及阿布塔拉特-意大利卡塔尼亚
参建海缆,SMW5,S4.1-1,S4.1-1,Abu Talat-BU4A1,埃及阿布塔拉特-BU4A1,主干,S4,Abu Talat-Marseille,埃及阿布塔拉特-法国马赛,4,法国土伦-埃及阿布塔拉特,法国土伦,埃及阿布塔拉特,埃及阿布塔拉特-法国土伦
参建海缆,SMW5,S4.1-2,S4.1-2,Marmaris-BU4A1,土耳其马尔马里斯-BU4A1,分支,,,,1,土耳其马尔马里斯-埃及阿布塔拉特,土耳其马尔马里斯,埃及阿布塔拉特,土耳其马尔马里斯-埃及阿布塔拉特
参建海缆,SMW5,S4.1-2,S4.1-2,Marmaris-BU4A1,土耳其马尔马里斯-BU4A1,分支,,,,2,意大利卡塔尼亚-土耳其马尔马里斯,意大利卡塔尼亚,土耳其马尔马里斯,土耳其马尔马里斯-意大利卡塔尼亚
参建海缆,SMW5,S4.1-2,S4.1-2,Marmaris-BU4A1,土耳其马尔马里斯-BU4A1,分支,,,,3,法国土伦-土耳其马尔马里斯,法国土伦,土耳其马尔马里斯,土耳其马尔马里斯-法国土伦
参建海缆,SMW5,S4.1-3,S4.1-3,BU4A1-BU4A,BU4A1-BU4A,主干,S4,Abu Talat-Marseille,埃及阿布塔拉特-法国马赛,1,意大利卡塔尼亚-土耳其马尔马里斯,意大利卡塔尼亚,土耳其马尔马里斯,土耳其马尔马里斯-意大利卡塔尼亚
参建海缆,SMW5,S4.1-3,S4.1-3,BU4A1-BU4A,BU4A1-BU4A,主干,S4,Abu Talat-Marseille,埃及阿布塔拉特-法国马赛,2,意大利卡塔尼亚-埃及阿布塔拉特,意大利卡塔尼亚,埃及阿布塔拉特,埃及阿布塔拉特-意大利卡塔尼亚
参建海缆,SMW5,S4.1-3,S4.1-3,BU4A1-BU4A,BU4A1-BU4A,主干,S4,Abu Talat-Marseille,埃及阿布塔拉特-法国马赛,4,法国土伦-土耳其马尔马里斯,法国土伦,土耳其马尔马里斯,土耳其马尔马里斯-法国土伦
参建海缆,SMW5,S4.1-3,S4.1-3,BU4A1-BU4A,BU4A1-BU4A,主干,S4,Abu Talat-Marseille,埃及阿布塔拉特-法国马赛,5,法国土伦-埃及阿布塔拉特,法国土伦,埃及阿布塔拉特,埃及阿布塔拉特-法国土伦
参建海缆,SMW5,S4.2,S4.2,Catania-BU4A,意大利卡塔尼亚-BU4A,分支,,,,1,意大利卡塔尼亚-土耳其马尔马里斯,意大利卡塔尼亚,土耳其马尔马里斯,土耳其马尔马里斯-意大利卡塔尼亚
参建海缆,SMW5,S4.2,S4.2,Catania-BU4A,意大利卡塔尼亚-BU4A,分支,,,,2,意大利卡塔尼亚-埃及阿布塔拉特,意大利卡塔尼亚,埃及阿布塔拉特,埃及阿布塔拉特-意大利卡塔尼亚
参建海缆,SMW5,S4.3,S4.3,Toulon-BU4A,法国土伦-BU4A,主干,S4,Abu Talat-Marseille,埃及阿布塔拉特-法国马赛,1,法国土伦-土耳其马尔马里斯,法国土伦,土耳其马尔马里斯,土耳其马尔马里斯-法国土伦
参建海缆,SMW5,S4.3,S4.3,Toulon-BU4A,法国土伦-BU4A,主干,S4,Abu Talat-Marseille,埃及阿布塔拉特-法国马赛,2,法国土伦-埃及阿布塔拉特,法国土伦,埃及阿布塔拉特,埃及阿布塔拉特-法国土伦
参建海缆,TPE,S1N,S1N,Qingdao-BU1,中国青岛-BU1,主干,S1N,Qingdao-BU1,中国青岛-BU1,1,中国上海崇明-中国青岛,中国上海崇明,中国青岛,中国上海崇明-中国青岛
参建海缆,TPE,S1N,S1N,Qingdao-BU1,中国青岛-BU1,主干,S1N,Qingdao-BU1,中国青岛-BU1,2,中国青岛-日本新瓦山,中国青岛,日本新瓦山,中国青岛-日本新瓦山
参建海缆,TPE,S1N,S1N,Qingdao-BU1,中国青岛-BU1,主干,S1N,Qingdao-BU1,中国青岛-BU1,3,中国青岛-美国希尔斯伯勒,中国青岛,美国希尔斯伯勒,中国青岛-美国希尔斯伯勒
参建海缆,TPE,S1P1,S1P1,BU1-BU3,BU1-BU3,主干,S1P1,BU1-BU3,BU1-BU3,1,中国上海崇明-日本新瓦山,中国上海崇明,日本新瓦山,中国上海崇明-日本新瓦山
参建海缆,TPE,S1P1,S1P1,BU1-BU3,BU1-BU3,主干,S1P1,BU1-BU3,BU1-BU3,2,中国上海崇明-美国希尔斯伯勒,中国上海崇明,美国希尔斯伯勒,中国上海崇明-美国希尔斯伯勒
参建海缆,TPE,S1P1,S1P1,BU1-BU3,BU1-BU3,主干,S1P1,BU1-BU3,BU1-BU3,4,中国青岛-日本新瓦山,中国青岛,日本新瓦山,中国青岛-日本新瓦山
参建海缆,TPE,S1P1,S1P1,BU1-BU3,BU1-BU3,主干,S1P1,BU1-BU3,BU1-BU3,5,中国青岛-美国希尔斯伯勒,中国青岛,美国希尔斯伯勒,中国青岛-美国希尔斯伯勒
参建海缆,TPE,S1P2,S1P2,Hillsboro-BU3,美国希尔斯伯勒-BU3,主干,S1P2,Hillsboro-BU3,美国希尔斯伯勒-BU3,1,中国台湾淡水-美国希尔斯伯勒,中国台湾淡水,美国希尔斯伯勒,中国台湾淡水-美国希尔斯伯勒
参建海缆,TPE,S1P2,S1P2,Hillsboro-BU3,美国希尔斯伯勒-BU3,主干,S1P2,Hillsboro-BU3,美国希尔斯伯勒-BU3,2,中国青岛-美国希尔斯伯勒,中国青岛,美国希尔斯伯勒,中国青岛-美国希尔斯伯勒
参建海缆,TPE,S1P2,S1P2,Hillsboro-BU3,美国希尔斯伯勒-BU3,主干,S1P2,Hillsboro-BU3,美国希尔斯伯勒-BU3,3,韩国巨济-美国希尔斯伯勒,韩国巨济,美国希尔斯伯勒,美国希尔斯伯勒-韩国巨济
参建海缆,TPE,S1S,S1S,Chongming-BU1,中国上海崇明-BU1,主干,S1S,Chongming-BU1,中国上海崇明-BU1,1,中国上海崇明-中国青岛,中国上海崇明,中国青岛,中国上海崇明-中国青岛
参建海缆,TPE,S1S,S1S,Chongming-BU1,中国上海崇明-BU1,主干,S1S,Chongming-BU1,中国上海崇明-BU1,2,中国上海崇明-日本新瓦山,中国上海崇明,日本新瓦山,中国上海崇明-日本新瓦山
参建海缆,TPE,S1S,S1S,Chongming-BU1,中国上海崇明-BU1,主干,S1S,Chongming-BU1,中国上海崇明-BU1,3,中国上海崇明-美国希尔斯伯勒,中国上海崇明,美国希尔斯伯勒,中国上海崇明-美国希尔斯伯勒
参建海缆,TPE,S2,S2,Qingdao-Keoje,中国青岛-韩国巨济,主干,S2,Qingdao-Keoje,中国青岛-韩国巨济,1,中国青岛-韩国巨济,中国青岛,韩国巨济,中国青岛-韩国巨济
参建海缆,TPE,S3J,S3J,Shinmaruyama-BU4,日本新瓦山-BU4,主干,S3J,Shinmaruyama-BU4,日本新瓦山-BU4,1,中国台湾淡水-日本新瓦山,中国台湾淡水,日本新瓦山,中国台湾淡水-日本新瓦山
参建海缆,TPE,S3J,S3J,Shinmaruyama-BU4,日本新瓦山-BU4,主干,S3J,Shinmaruyama-BU4,日本新瓦山-BU4,2,中国上海崇明-日本新瓦山,中国上海崇明,日本新瓦山,中国上海崇明-日本新瓦山
参建海缆,TPE,S3J,S3J,Shinmaruyama-BU4,日本新瓦山-BU4,主干,S3J,Shinmaruyama-BU4,日本新瓦山-BU4,3,中国青岛-日本新瓦山,中国青岛,日本新瓦山,中国青岛-日本新瓦山
参建海缆,TPE,S3J,S3J,Shinmaruyama-BU4,日本新瓦山-BU4,主干,S3J,Shinmaruyama-BU4,日本新瓦山-BU4,4,韩国巨济-日本新丸山,韩国巨济,日本新丸山,日本新丸山-韩国巨济
参建海缆,TPE,S3N,S3N,Keoje-BU2,韩国巨济-BU2,主干,S3N,Keoje-BU2,韩国巨济-BU2,1,韩国巨济-中国台湾淡水,韩国巨济,中国台湾淡水,中国台湾淡水-韩国巨济
参建海缆,TPE,S3N,S3N,Keoje-BU2,韩国巨济-BU2,主干,S3N,Keoje-BU2,韩国巨济-BU2,2,韩国巨济-日本新丸山,韩国巨济,日本新丸山,日本新丸山-韩国巨济
参建海缆,TPE,S3N,S3N,Keoje-BU2,韩国巨济-BU2,主干,S3N,Keoje-BU2,韩国巨济-BU2,3,韩国巨济-美国希尔斯伯勒,韩国巨济,美国希尔斯伯勒,美国希尔斯伯勒-韩国巨济
参建海缆,TPE,S3P1A,S3P1A,BU2-BU4,BU2-BU4,主干,S3P1A,BU2-BU4,BU2-BU4,1,中国台湾淡水-日本新瓦山,中国台湾淡水,日本新瓦山,中国台湾淡水-日本新瓦山
参建海缆,TPE,S3P1A,S3P1A,BU2-BU4,BU2-BU4,主干,S3P1A,BU2-BU4,BU2-BU4,2,中国台湾淡水-美国希尔斯伯勒,中国台湾淡水,美国希尔斯伯勒,中国台湾淡水-美国希尔斯伯勒
参建海缆,TPE,S3P1A,S3P1A,BU2-BU4,BU2-BU4,主干,S3P1A,BU2-BU4,BU2-BU4,3,韩国巨济-日本新丸山,韩国巨济,日本新丸山,日本新丸山-韩国巨济
参建海缆,TPE,S3P1A,S3P1A,BU2-BU4,BU2-BU4,主干,S3P1A,BU2-BU4,BU2-BU4,4,韩国巨济-美国希尔斯伯勒,韩国巨济,美国希尔斯伯勒,美国希尔斯伯勒-韩国巨济
参建海缆,TPE,S3P1B,S3P1B,BU3-BU4,BU3-BU4,主干,S3P1B,BU3-BU4,BU3-BU4,1,中国台湾淡水-美国希尔斯伯勒,中国台湾淡水,美国希尔斯伯勒,中国台湾淡水-美国希尔斯伯勒
参建海缆,TPE,S3P1B,S3P1B,BU3-BU4,BU3-BU4,主干,S3P1B,BU3-BU4,BU3-BU4,2,中国上海崇明-日本新瓦山,中国上海崇明,日本新瓦山,中国上海崇明-日本新瓦山
参建海缆,TPE,S3P1B,S3P1B,BU3-BU4,BU3-BU4,主干,S3P1B,BU3-BU4,BU3-BU4,3,中国青岛-日本新瓦山,中国青岛,日本新瓦山,中国青岛-日本新瓦山
参建海缆,TPE,S3P1B,S3P1B,BU3-BU4,BU3-BU4,主干,S3P1B,BU3-BU4,BU3-BU4,4,韩国巨济-美国希尔斯伯勒,韩国巨济,美国希尔斯伯勒,美国希尔斯伯勒-韩国巨济
参建海缆,TPE,S3S,S3S,Tanshui-BU2,中国台湾淡水-BU2,主干,S3S,Tanshui-BU2,中国台湾淡水-BU2,1,中国台湾淡水-日本新瓦山,中国台湾淡水,日本新瓦山,中国台湾淡水-日本新瓦山
参建海缆,TPE,S3S,S3S,Tanshui-BU2,中国台湾淡水-BU2,主干,S3S,Tanshui-BU2,中国台湾淡水-BU2,2,中国台湾淡水-美国希尔斯伯勒,中国台湾淡水,美国希尔斯伯勒,中国台湾淡水-美国希尔斯伯勒
参建海缆,TPE,S3S,S3S,Tanshui-BU2,中国台湾淡水-BU2,主干,S3S,Tanshui-BU2,中国台湾淡水-BU2,3,韩国巨济-中国台湾淡水,韩国巨济,中国台湾淡水,中国台湾淡水-韩国巨济
参建海缆,TPE,S4,S4,Tanshui-Chongming,中国台湾淡水-中国上海崇明,主干,S4,Tanshui-Chongming,中国台湾淡水-中国上海崇明,1,中国台湾淡水-中国上海崇明,中国台湾淡水,中国上海崇明,中国上海崇明-中国台湾淡水
参建海缆,TSE-1,T1,T1,福州长乐-淡水NCIC登陆站,中国福州长乐-中国台湾淡水NCIC登陆站,主干,T1,福州长乐-淡水NCIC登陆站,中国福州长乐-中国台湾淡水NCIC登陆站,1,中国福州长乐-中国台湾淡水 (NCIC),中国福州长乐,中国台湾淡水 (NCIC),中国台湾淡水 (NCIC)-中国福州长乐
参建海缆,TSE-1,T2,T2,福州长乐-淡水TFN登陆站,中国福州长乐-中国台湾淡水TFN登陆站,主干,T2,福州长乐-淡水TFN登陆站,中国福州长乐-中国台湾淡水TFN登陆站,1,中国福州长乐-中国台湾淡水 (TFN),中国福州长乐,中国台湾淡水 (TFN),中国台湾淡水 (TFN)-中国福州长乐
参建海缆,TSE-1,T3,T3,福州长乐-淡水TIGC登陆站,中国福州长乐-中国台湾淡水TIGC登陆站,主干,T3,福州长乐-淡水TIGC登陆站,中国福州长乐-中国台湾淡水TIGC登陆站,1,中国福州长乐-中国台湾淡水 (TIGC),中国福州长乐,中国台湾淡水 (TIGC),中国台湾淡水 (TIGC)-中国福州长乐
参建海缆,TSE-1,T4,T4,福州长乐-淡水CHT登陆站,中国福州长乐-中国台湾淡水CHT登陆站,主干,T4,福州长乐-淡水CHT登陆站,中国福州长乐-中国台湾淡水CHT登陆站,1,中国福州长乐-中国台湾淡水 *CHT),中国福州长乐,中国台湾淡水 *CHT),中国台湾淡水 *CHT)-中国福州长乐
